The Untouchables,http://www.imdb.com/title/tt0094226/?ref_=fn_tt_tt_1
No Country for Old Men,http://www.imdb.com/title/tt0477348/?ref_=fn_tt_tt_1
Bridget Jones's Diary,http://www.imdb.com/title/tt0243155/?ref_=fn_tt_tt_1
Chocolat,http://www.imdb.com/title/tt0241303/?ref_=fn_tt_tt_1
No Strings Attached,http://www.imdb.com/title/tt1411238/?ref_=fn_tt_tt_1
Contraband,http://www.imdb.com/title/tt1524137/?ref_=fn_tt_tt_1
A Dog's Purpose,http://www.imdb.com/title/tt1753383/?ref_=fn_tt_tt_1
The Lucky One,http://www.imdb.com/title/tt1327194/?ref_=fn_tt_tt_1
Tombstone,http://www.imdb.com/title/tt0108358/?ref_=fn_tt_tt_1
Romeo Must Die,http://www.imdb.com/title/tt0165929/?ref_=fn_tt_tt_1
The Omen,http://www.imdb.com/title/tt0075005/?ref_=fn_tt_tt_1
Final Destination 3,http://www.imdb.com/title/tt0414982/?ref_=fn_tt_tt_1
Madea's Big Happy Family,http://www.imdb.com/title/tt1787759/?ref_=fn_tt_tt_1
A Madea Christmas,http://www.imdb.com/title/tt2609758/?ref_=fn_tt_tt_1
Finding Neverland,http://www.imdb.com/title/tt0308644/?ref_=fn_tt_tt_1
The Grey,http://www.imdb.com/title/tt1601913/?ref_=fn_tt_tt_1
Hide and Seek,http://www.imdb.com/title/tt0382077/?ref_=fn_tt_tt_1
The House Bunny,http://www.imdb.com/title/tt0852713/?ref_=fn_tt_tt_1
Agent Cody Banks,http://www.imdb.com/title/tt0313911/?ref_=fn_tt_tt_1
Nanny McPhee,http://www.imdb.com/title/tt0396752/?ref_=fn_tt_tt_1
Goodfellas,http://www.imdb.com/title/tt0099685/?ref_=fn_tt_tt_1
The Giver,http://www.imdb.com/title/tt0435651/?ref_=fn_tt_tt_1
Scarface,http://www.imdb.com/title/tt0086250/?ref_=fn_tt_tt_1
Nothing to Lose,http://www.imdb.com/title/tt0119807/?ref_=fn_tt_tt_1
The Last Emperor,http://www.imdb.com/title/tt0093389/?ref_=fn_tt_tt_1
The Night Before,http://www.imdb.com/title/tt3530002/?ref_=fn_tt_tt_1
The Hours,http://www.imdb.com/title/tt0274558/?ref_=fn_tt_tt_1
Money Talks,http://www.imdb.com/title/tt0119695/?ref_=fn_tt_tt_1
There Will Be Blood,http://www.imdb.com/title/tt0469494/?ref_=fn_tt_tt_1
The Wild Thornberrys Movie,http://www.imdb.com/title/tt0282120/?ref_=fn_tt_tt_1
Rugrats Go Wild,http://www.imdb.com/title/tt0337711/?ref_=fn_tt_tt_1
The Sisterhood of the Traveling Pants,http://www.imdb.com/title/tt0403508/?ref_=fn_tt_tt_1
Undercover Brother,http://www.imdb.com/title/tt0279493/?ref_=fn_tt_tt_1
August: Osage County,http://www.imdb.com/title/tt1322269/?ref_=fn_tt_tt_1
Kiss of the Dragon,http://www.imdb.com/title/tt0271027/?ref_=fn_tt_tt_1
Million Dollar Arm,http://www.imdb.com/title/tt1647668/?ref_=fn_tt_tt_1
Beauty Shop,http://www.imdb.com/title/tt0388500/?ref_=fn_tt_tt_1
What a Girl Wants,http://www.imdb.com/title/tt0286788/?ref_=fn_tt_tt_1
Jeepers Creepers II,http://www.imdb.com/title/tt0301470/?ref_=fn_tt_tt_1
Good Luck Chuck,http://www.imdb.com/title/tt0452625/?ref_=fn_tt_tt_1
Cradle 2 the Grave,http://www.imdb.com/title/tt0306685/?ref_=fn_tt_tt_1
She's the Man,http://www.imdb.com/title/tt0454945/?ref_=fn_tt_tt_1
The Gambler,http://www.imdb.com/title/tt2039393/?ref_=fn_tt_tt_1
Mr. Bean's Holiday,http://www.imdb.com/title/tt0453451/?ref_=fn_tt_tt_1
Bride of Chucky,http://www.imdb.com/title/tt0144120/?ref_=fn_tt_tt_1
Fist Fight,http://www.imdb.com/title/tt3401882/?ref_=fn_tt_tt_1
August Rush,http://www.imdb.com/title/tt0426931/?ref_=fn_tt_tt_1
Anacondas: The Hunt for the Blood Orchid,http://www.imdb.com/title/tt0366174/?ref_=fn_tt_tt_1
The Sitter,http://www.imdb.com/title/tt1366344/?ref_=fn_tt_tt_1
Elizabeth,http://www.imdb.com/title/tt0127536/?ref_=fn_tt_tt_1
"Tora, tora, tora",http://www.imdb.com/title/tt6017542/?ref_=fn_tt_tt_1
Spice World,http://www.imdb.com/title/tt0120185/?ref_=fn_tt_tt_1
Draft Day,http://www.imdb.com/title/tt2223990/?ref_=fn_tt_tt_1
The Shawshank Redemption,http://www.imdb.com/title/tt0111161/?ref_=fn_tt_tt_1
Rings,http://www.imdb.com/title/tt0498381/?ref_=fn_tt_tt_1
Dance Flick,http://www.imdb.com/title/tt1153706/?ref_=fn_tt_tt_1
Crocodile Dundee in Los Angeles,http://www.imdb.com/title/tt0231402/?ref_=fn_tt_tt_1
Kingpin,http://www.imdb.com/title/tt0116778/?ref_=fn_tt_tt_1
Ice Princess,http://www.imdb.com/title/tt0396652/?ref_=fn_tt_tt_1
Don't Be Afraid of the Dark,http://www.imdb.com/title/tt1270761/?ref_=fn_tt_tt_1
The Losers,http://www.imdb.com/title/tt0480255/?ref_=fn_tt_tt_1
War,http://www.imdb.com/title/tt0499556/?ref_=fn_tt_tt_1
Don Juan DeMarco,http://www.imdb.com/title/tt0112883/?ref_=fn_tt_tt_1
A Lot Like Love,http://www.imdb.com/title/tt0391304/?ref_=fn_tt_tt_1
He Got Game,http://www.imdb.com/title/tt0124718/?ref_=fn_tt_tt_1
Eddie the Eagle,http://www.imdb.com/title/tt1083452/?ref_=fn_tt_tt_1
Shaun the Sheep,http://www.imdb.com/title/tt0983983/?ref_=fn_tt_tt_1
Shark Night 3D,http://www.imdb.com/title/tt1633356/?ref_=fn_tt_tt_1
CHIPS,http://www.imdb.com/title/tt0493405/?ref_=fn_tt_tt_1
Punch-Drunk Love,http://www.imdb.com/title/tt0272338/?ref_=fn_tt_tt_1
EuroTrip,http://www.imdb.com/title/tt0356150/?ref_=fn_tt_tt_1
The Ruins,http://www.imdb.com/title/tt0963794/?ref_=fn_tt_tt_1
The Counsellor,http://www.imdb.com/title/tt2193215/?ref_=fn_tt_tt_1
Unaccompanied Minors,http://www.imdb.com/title/tt0488658/?ref_=fn_tt_tt_1
"Bright Lights, Big City",http://www.imdb.com/title/tt0094799/?ref_=fn_tt_tt_1
Half Past Dead,http://www.imdb.com/title/tt0297162/?ref_=fn_tt_tt_1
Legend,http://www.imdb.com/title/tt3569230/?ref_=fn_tt_tt_1
The Adventures of Pinocchio,http://www.imdb.com/title/tt0115472/?ref_=fn_tt_tt_1
The Greatest Game Ever Played,http://www.imdb.com/title/tt0388980/?ref_=fn_tt_tt_1
The Box,http://www.imdb.com/title/tt0362478/?ref_=fn_tt_tt_1
The Next Best Thing,http://www.imdb.com/title/tt0156841/?ref_=fn_tt_tt_1
My Soul to Take,http://www.imdb.com/title/tt0872230/?ref_=fn_tt_tt_1
The Girl Next Door,http://www.imdb.com/title/tt0265208/?ref_=fn_tt_tt_1
A Perfect Plan,http://www.imdb.com/title/tt1986843/?ref_=fn_tt_tt_1
Maximum Risk,http://www.imdb.com/title/tt0117011/?ref_=fn_tt_tt_1
Stealing Harvard,http://www.imdb.com/title/tt0265808/?ref_=fn_tt_tt_1
Hot Rod,http://www.imdb.com/title/tt0787475/?ref_=fn_tt_tt_1
Warrior,http://www.imdb.com/title/tt1291584/?ref_=fn_tt_tt_1
Angela's Ashes,http://www.imdb.com/title/tt0145653/?ref_=fn_tt_tt_1
Cirque du Soleil: Worlds Away,http://www.imdb.com/title/tt1792647/?ref_=fn_tt_tt_1
The 33,http://www.imdb.com/title/tt2006295/?ref_=fn_tt_tt_1
Lifeforce,http://www.imdb.com/title/tt0089489/?ref_=fn_tt_tt_1
The Conspirator,http://www.imdb.com/title/tt0968264/?ref_=fn_tt_tt_1
The Powerpuff Girls,http://www.imdb.com/title/tt0175058/?ref_=fn_tt_tt_1
Lords of Dogtown,http://www.imdb.com/title/tt0355702/?ref_=fn_tt_tt_1
Big Trouble in Little China,http://www.imdb.com/title/tt0090728/?ref_=fn_tt_tt_1
Michael Collins,http://www.imdb.com/title/tt0117039/?ref_=fn_tt_tt_1
Stop-Loss,http://www.imdb.com/title/tt0489281/?ref_=fn_tt_tt_1
Gettysburg,http://www.imdb.com/title/tt0107007/?ref_=fn_tt_tt_1
Abandon,http://www.imdb.com/title/tt0267248/?ref_=fn_tt_tt_1
Straw Dogs,http://www.imdb.com/title/tt0999913/?ref_=fn_tt_tt_1
Brokedown Palace,http://www.imdb.com/title/tt0120620/?ref_=fn_tt_tt_1
The Possession,http://www.imdb.com/title/tt0431021/?ref_=fn_tt_tt_1
Mrs. Winterbourne,http://www.imdb.com/title/tt0117104/?ref_=fn_tt_tt_1
Stone Cold,http://www.imdb.com/title/tt0102984/?ref_=fn_tt_tt_1
The Road,http://www.imdb.com/title/tt0898367/?ref_=fn_tt_tt_1
The Hoax,http://www.imdb.com/title/tt0462338/?ref_=fn_tt_tt_1
Sheena,http://www.imdb.com/title/tt0088103/?ref_=fn_tt_tt_1
Underclassman,http://www.imdb.com/title/tt0373416/?ref_=fn_tt_tt_1
Say It Isn't So,http://www.imdb.com/title/tt0239949/?ref_=fn_tt_tt_1
The World's Fastest Indian,http://www.imdb.com/title/tt0412080/?ref_=fn_tt_tt_1
The Best Offer,http://www.imdb.com/title/tt1924396/?ref_=fn_tt_tt_1
Tank Girl,http://www.imdb.com/title/tt0114614/?ref_=fn_tt_tt_1
King's Ransom,http://www.imdb.com/title/tt0388183/?ref_=fn_tt_tt_1
Blindness,http://www.imdb.com/title/tt0861689/?ref_=fn_tt_tt_1
Carnage,http://www.imdb.com/title/tt1692486/?ref_=fn_tt_tt_1
BloodRayne,http://www.imdb.com/title/tt0383222/?ref_=fn_tt_tt_1
Legend,http://www.imdb.com/title/tt3569230/?ref_=fn_tt_tt_1
Bad Lieutenant: Port of Call New Orleans,http://www.imdb.com/title/tt1095217/?ref_=fn_tt_tt_1
Jane Got a Gun,http://www.imdb.com/title/tt2140037/?ref_=fn_tt_tt_1
Me and Orson Welles,http://www.imdb.com/title/tt1175506/?ref_=fn_tt_tt_1
Snakes on a Plane,http://www.imdb.com/title/tt0417148/?ref_=fn_tt_tt_1
Where the Truth Lies,http://www.imdb.com/title/tt0373450/?ref_=fn_tt_tt_1
Without Limits,http://www.imdb.com/title/tt0119934/?ref_=fn_tt_tt_1
On the Road,http://www.imdb.com/title/tt0337692/?ref_=fn_tt_tt_1
Little White Lies,http://www.imdb.com/title/tt1440232/?ref_=fn_tt_tt_1
Love Ranch,http://www.imdb.com/title/tt1125929/?ref_=fn_tt_tt_1
Kung Fu Killer,http://www.imdb.com/title/tt2952602/?ref_=fn_tt_tt_1
A Turtle's Tale: Sammy's Adventures,http://www.imdb.com/title/tt1230204/?ref_=fn_tt_tt_1
Space Dogs,http://www.imdb.com/title/tt1272051/?ref_=fn_tt_tt_1
The True Story of Puss'N Boots,http://www.imdb.com/title/tt1239462/?ref_=fn_tt_tt_1
Ironclad,http://www.imdb.com/title/tt1233301/?ref_=fn_tt_tt_1
Red Sky,http://www.imdb.com/title/tt1946381/?ref_=fn_tt_tt_1
Waterloo,http://www.imdb.com/title/tt0066549/?ref_=fn_tt_tt_1
The Adventurer: The Curse of the Midas Box,http://www.imdb.com/title/tt1376213/?ref_=fn_tt_tt_1
Tulip Fever,http://www.imdb.com/title/tt0491203/?ref_=fn_tt_tt_1
Reagan,http://www.imdb.com/title/tt1723808/?ref_=fn_tt_tt_1
Dangerous Liaisons,http://www.imdb.com/title/tt0094947/?ref_=fn_tt_tt_1
Star Trek IV: The Voyage Home,http://www.imdb.com/title/tt0092007/?ref_=fn_tt_tt_1
Scream 2,http://www.imdb.com/title/tt0120082/?ref_=fn_tt_tt_1
Old School,http://www.imdb.com/title/tt0302886/?ref_=fn_tt_tt_1
Rocky Balboa,http://www.imdb.com/title/tt0479143/?ref_=fn_tt_tt_1
Think Like a Man Too,http://www.imdb.com/title/tt2239832/?ref_=fn_tt_tt_1
The Whole Nine Yards,http://www.imdb.com/title/tt0190138/?ref_=fn_tt_tt_1
Footloose,http://www.imdb.com/title/tt1068242/?ref_=fn_tt_tt_1
Point Break,http://www.imdb.com/title/tt0102685/?ref_=fn_tt_tt_1
The Fisher King,http://www.imdb.com/title/tt0101889/?ref_=fn_tt_tt_1
I Still Know What You Did Last Summer,http://www.imdb.com/title/tt0130018/?ref_=fn_tt_tt_1
Going in Style,http://www.imdb.com/title/tt2568862/?ref_=fn_tt_tt_1
"Hello, Dolly",http://www.imdb.com/title/tt0517529/?ref_=fn_tt_tt_1
Return to Me,http://www.imdb.com/title/tt0122459/?ref_=fn_tt_tt_1
The Men Who Stare at Goats,http://www.imdb.com/title/tt1234548/?ref_=fn_tt_tt_1
Zack and Miri Make a Porno,http://www.imdb.com/title/tt1007028/?ref_=fn_tt_tt_1
Double Take,http://www.imdb.com/title/tt0238948/?ref_=fn_tt_tt_1
"Girl, Interrupted",http://www.imdb.com/title/tt0172493/?ref_=fn_tt_tt_1
Nurse Betty,http://www.imdb.com/title/tt0171580/?ref_=fn_tt_tt_1
Piranha 3D,http://www.imdb.com/title/tt0464154/?ref_=fn_tt_tt_1
Faster,http://www.imdb.com/title/tt1433108/?ref_=fn_tt_tt_1
Win a Date with Tad Hamilton!,http://www.imdb.com/title/tt0335559/?ref_=fn_tt_tt_1
Muppets from Space,http://www.imdb.com/title/tt0158811/?ref_=fn_tt_tt_1
The Wiz,http://www.imdb.com/title/tt0078504/?ref_=fn_tt_tt_1
Ready to Rumble,http://www.imdb.com/title/tt0217756/?ref_=fn_tt_tt_1
I Don't Know How She Does It,http://www.imdb.com/title/tt1742650/?ref_=fn_tt_tt_1
Play It to the Bone,http://www.imdb.com/title/tt0196857/?ref_=fn_tt_tt_1
Beyond the Sea,http://www.imdb.com/title/tt0363473/?ref_=fn_tt_tt_1
Howl's Moving Castle,http://www.imdb.com/title/tt0347149/?ref_=fn_tt_tt_1
Meet the Deedles,http://www.imdb.com/title/tt0120645/?ref_=fn_tt_tt_1
The Thief and the Cobbler,http://www.imdb.com/title/tt0112389/?ref_=fn_tt_tt_1
The Bridge of San Luis Rey,http://www.imdb.com/title/tt0356443/?ref_=fn_tt_tt_1
Zombieland,http://www.imdb.com/title/tt1156398/?ref_=fn_tt_tt_1
Star Wars: Episode V - The Empire Strikes Back,http://www.imdb.com/title/tt0080684/?ref_=fn_tt_tt_1
The Waterboy,http://www.imdb.com/title/tt0120484/?ref_=fn_tt_tt_1
The Naked Gun 2½: The Smell of Fear,http://www.imdb.com/title/tt0102510/?ref_=fn_tt_tt_1
Bad Boys,http://www.imdb.com/title/tt0112442/?ref_=fn_tt_tt_1
The Wedding Ringer,http://www.imdb.com/title/tt0884732/?ref_=fn_tt_tt_1
Final Destination,http://www.imdb.com/title/tt0195714/?ref_=fn_tt_tt_1
King Kong,http://www.imdb.com/title/tt0360717/?ref_=fn_tt_tt_1
The Ides of March,http://www.imdb.com/title/tt1124035/?ref_=fn_tt_tt_1
Pitch Black,http://www.imdb.com/title/tt0134847/?ref_=fn_tt_tt_1
Someone Like You...,http://www.imdb.com/title/tt0244970/?ref_=fn_tt_tt_1
Her,http://www.imdb.com/title/tt1798709/?ref_=fn_tt_tt_1
Joy Ride,http://www.imdb.com/title/tt0206314/?ref_=fn_tt_tt_1
Haywire,http://www.imdb.com/title/tt1506999/?ref_=fn_tt_tt_1
Anywhere But Here,http://www.imdb.com/title/tt0149691/?ref_=fn_tt_tt_1
Vanity Fair,http://www.imdb.com/title/tt0241025/?ref_=fn_tt_tt_1
Eddie the Eagle,http://www.imdb.com/title/tt1083452/?ref_=fn_tt_tt_1
Jaws: The Revenge,http://www.imdb.com/title/tt0093300/?ref_=fn_tt_tt_1
The Crew,http://www.imdb.com/title/tt0198386/?ref_=fn_tt_tt_1
Marvin's Room,http://www.imdb.com/title/tt0116999/?ref_=fn_tt_tt_1
Chasing Liberty,http://www.imdb.com/title/tt0360139/?ref_=fn_tt_tt_1
The Longshots,http://www.imdb.com/title/tt1091751/?ref_=fn_tt_tt_1
The End of the Affair,http://www.imdb.com/title/tt0172396/?ref_=fn_tt_tt_1
Harley Davidson and the Marlboro Man,http://www.imdb.com/title/tt0102005/?ref_=fn_tt_tt_1
In the Valley of Elah,http://www.imdb.com/title/tt0478134/?ref_=fn_tt_tt_1
Coco Before Chanel,http://www.imdb.com/title/tt1035736/?ref_=fn_tt_tt_1
Chéri,http://www.imdb.com/title/tt1179258/?ref_=fn_tt_tt_1
Redemption,http://www.imdb.com/title/tt1893256/?ref_=fn_tt_tt_1
Rogue,http://www.imdb.com/title/tt2397255/?ref_=fn_tt_tt_1
Bodyguards and Assassins,http://www.imdb.com/title/tt1403130/?ref_=fn_tt_tt_1
Spaceballs,http://www.imdb.com/title/tt0094012/?ref_=fn_tt_tt_1
1408,http://www.imdb.com/title/tt0450385/?ref_=fn_tt_tt_1
Nocturnal Animals,http://www.imdb.com/title/tt4550098/?ref_=fn_tt_tt_1
The Water Diviner,http://www.imdb.com/title/tt3007512/?ref_=fn_tt_tt_1
Ghost,http://www.imdb.com/title/tt0099653/?ref_=fn_tt_tt_1
There's Something About Mary,http://www.imdb.com/title/tt0129387/?ref_=fn_tt_tt_1
The Santa Clause,http://www.imdb.com/title/tt0111070/?ref_=fn_tt_tt_1
The Game Plan,http://www.imdb.com/title/tt0492956/?ref_=fn_tt_tt_1
The Rookie,http://www.imdb.com/title/tt0265662/?ref_=fn_tt_tt_1
The Bridges of Madison County,http://www.imdb.com/title/tt0112579/?ref_=fn_tt_tt_1
Son of God,http://www.imdb.com/title/tt3210686/?ref_=fn_tt_tt_1
The Animal,http://www.imdb.com/title/tt0255798/?ref_=fn_tt_tt_1
The Hundred-Foot Journey,http://www.imdb.com/title/tt2980648/?ref_=fn_tt_tt_1
Gandhi,http://www.imdb.com/title/tt0083987/?ref_=fn_tt_tt_1
Underworld,http://www.imdb.com/title/tt0320691/?ref_=fn_tt_tt_1
The Net,http://www.imdb.com/title/tt0113957/?ref_=fn_tt_tt_1
Diary of a Wimpy Kid: Dog Days,http://www.imdb.com/title/tt2023453/?ref_=fn_tt_tt_1
I Am Sam,http://www.imdb.com/title/tt0277027/?ref_=fn_tt_tt_1
Derailed,http://www.imdb.com/title/tt0398017/?ref_=fn_tt_tt_1
The Informant!,http://www.imdb.com/title/tt1130080/?ref_=fn_tt_tt_1
Delivery Man,http://www.imdb.com/title/tt2387559/?ref_=fn_tt_tt_1
"Hail, Caesar!",http://www.imdb.com/title/tt0475290/?ref_=fn_tt_tt_1
Jay and Silent Bob Strike Back,http://www.imdb.com/title/tt0261392/?ref_=fn_tt_tt_1
Shadowlands,http://www.imdb.com/title/tt0108101/?ref_=fn_tt_tt_1
Our Kind of Traitor,http://www.imdb.com/title/tt1995390/?ref_=fn_tt_tt_1
Deuce Bigalow: European Gigolo,http://www.imdb.com/title/tt0367652/?ref_=fn_tt_tt_1
Mad Money,http://www.imdb.com/title/tt0951216/?ref_=fn_tt_tt_1
Homefront,http://www.imdb.com/title/tt2312718/?ref_=fn_tt_tt_1
Victor Frankenstein,http://www.imdb.com/title/tt1976009/?ref_=fn_tt_tt_1
Saving Silverman,http://www.imdb.com/title/tt0239948/?ref_=fn_tt_tt_1
Summer of Sam,http://www.imdb.com/title/tt0162677/?ref_=fn_tt_tt_1
The Glass House,http://www.imdb.com/title/tt0221218/?ref_=fn_tt_tt_1
The Transporter Refueled,http://www.imdb.com/title/tt2938956/?ref_=fn_tt_tt_1
The Island,http://www.imdb.com/title/tt0399201/?ref_=fn_tt_tt_1
Josie and the Pussycats,http://www.imdb.com/title/tt0236348/?ref_=fn_tt_tt_1
Hit and Run,http://www.imdb.com/title/tt2097307/?ref_=fn_tt_tt_1
The Little Vampire,http://www.imdb.com/title/tt0192255/?ref_=fn_tt_tt_1
I Heart Huckabees,http://www.imdb.com/title/tt0356721/?ref_=fn_tt_tt_1
Out of the Furnace,http://www.imdb.com/title/tt1206543/?ref_=fn_tt_tt_1
RoboCop 3,http://www.imdb.com/title/tt0107978/?ref_=fn_tt_tt_1
Dudley Do-Right,http://www.imdb.com/title/tt0160236/?ref_=fn_tt_tt_1
Megiddo: The Omega Code 2,http://www.imdb.com/title/tt0263728/?ref_=fn_tt_tt_1
Darling Lili,http://www.imdb.com/title/tt0065611/?ref_=fn_tt_tt_1
The Libertine,http://www.imdb.com/title/tt0375920/?ref_=fn_tt_tt_1
Black Book,http://www.imdb.com/title/tt0389557/?ref_=fn_tt_tt_1
Before I Go to Sleep,http://www.imdb.com/title/tt1726592/?ref_=fn_tt_tt_1
Stone,http://www.imdb.com/title/tt1423995/?ref_=fn_tt_tt_1
Joyeux Noel,http://www.imdb.com/title/tt0424205/?ref_=fn_tt_tt_1
Underdogs,http://www.imdb.com/title/tt1634003/?ref_=fn_tt_tt_1
The Butterfly God,http://www.imdb.com/title/tt4190498/?ref_=fn_tt_tt_1
Sorcerer,http://www.imdb.com/title/tt0076740/?ref_=fn_tt_tt_1
Molière,http://www.imdb.com/title/tt0796335/?ref_=fn_tt_tt_1
Michael Clayton,http://www.imdb.com/title/tt0465538/?ref_=fn_tt_tt_1
Arlington Road,http://www.imdb.com/title/tt0137363/?ref_=fn_tt_tt_1
My Fellow Americans,http://www.imdb.com/title/tt0117119/?ref_=fn_tt_tt_1
To Rome with Love,http://www.imdb.com/title/tt1859650/?ref_=fn_tt_tt_1
Silver Linings Playbook,http://www.imdb.com/title/tt1045658/?ref_=fn_tt_tt_1
"South Park: Bigger, Longer & Uncut",http://www.imdb.com/title/tt0158983/?ref_=fn_tt_tt_1
Firefox,http://www.imdb.com/title/tt0083943/?ref_=fn_tt_tt_1
Death at a Funeral,http://www.imdb.com/title/tt0795368/?ref_=fn_tt_tt_1
Teenage Mutant Ninja Turtles III,http://www.imdb.com/title/tt0108308/?ref_=fn_tt_tt_1
Hardball,http://www.imdb.com/title/tt0180734/?ref_=fn_tt_tt_1
For Colored Girls,http://www.imdb.com/title/tt1405500/?ref_=fn_tt_tt_1
Freedom Writers,http://www.imdb.com/title/tt0463998/?ref_=fn_tt_tt_1
The Transporter,http://www.imdb.com/title/tt0293662/?ref_=fn_tt_tt_1
Never Back Down,http://www.imdb.com/title/tt1023111/?ref_=fn_tt_tt_1
Tinker Tailor Soldier Spy,http://www.imdb.com/title/tt1340800/?ref_=fn_tt_tt_1
The Bachelor,http://www.imdb.com/title/tt0313038/?ref_=fn_tt_tt_1
The Rage: Carrie 2,http://www.imdb.com/title/tt0144814/?ref_=fn_tt_tt_1
Swing Vote,http://www.imdb.com/title/tt1027862/?ref_=fn_tt_tt_1
Away We Go,http://www.imdb.com/title/tt1176740/?ref_=fn_tt_tt_1
Moonlight Mile,http://www.imdb.com/title/tt0179098/?ref_=fn_tt_tt_1
The Beaver,http://www.imdb.com/title/tt1321860/?ref_=fn_tt_tt_1
Bitter Harvest,http://www.imdb.com/title/tt3182620/?ref_=fn_tt_tt_1
Molly,http://www.imdb.com/title/tt4158318/?ref_=fn_tt_tt_1
eXistenZ,http://www.imdb.com/title/tt0120907/?ref_=fn_tt_tt_1
The Best Little Whorehouse in Texas,http://www.imdb.com/title/tt0083642/?ref_=fn_tt_tt_1
Pulse,http://www.imdb.com/title/tt0454919/?ref_=fn_tt_tt_1
Raiders of the Lost Ark,http://www.imdb.com/title/tt0082971/?ref_=fn_tt_tt_1
Beauty and the Beast,http://www.imdb.com/title/tt2771200/?ref_=fn_tt_tt_1
Home Alone 2: Lost in New York,http://www.imdb.com/title/tt0104431/?ref_=fn_tt_tt_1
Close Encounters of the Third Kind,http://www.imdb.com/title/tt0075860/?ref_=fn_tt_tt_1
Beverly Hills Cop II,http://www.imdb.com/title/tt0092644/?ref_=fn_tt_tt_1
La La Land,http://www.imdb.com/title/tt3783958/?ref_=fn_tt_tt_1
The Conjuring,http://www.imdb.com/title/tt1457767/?ref_=fn_tt_tt_1
Bringing Down the House,http://www.imdb.com/title/tt0305669/?ref_=fn_tt_tt_1
The Silence of the Lambs,http://www.imdb.com/title/tt0102926/?ref_=fn_tt_tt_1
Wayne's World,http://www.imdb.com/title/tt0105793/?ref_=fn_tt_tt_1
Jackass 3D,http://www.imdb.com/title/tt1116184/?ref_=fn_tt_tt_1
Bad Moms,http://www.imdb.com/title/tt4651520/?ref_=fn_tt_tt_1
Jaws 2,http://www.imdb.com/title/tt0077766/?ref_=fn_tt_tt_1
Beverly Hills Chihuahua,http://www.imdb.com/title/tt1014775/?ref_=fn_tt_tt_1
Tammy,http://www.imdb.com/title/tt2103254/?ref_=fn_tt_tt_1
Are We There Yet?,http://www.imdb.com/title/tt0368578/?ref_=fn_tt_tt_1
The Descendants,http://www.imdb.com/title/tt1033575/?ref_=fn_tt_tt_1
School of Rock,http://www.imdb.com/title/tt0332379/?ref_=fn_tt_tt_1
Disturbia,http://www.imdb.com/title/tt0486822/?ref_=fn_tt_tt_1
Free Willy,http://www.imdb.com/title/tt0106965/?ref_=fn_tt_tt_1
"An Entire Hour with Actor, Writer, Producer and Director Tyler Perry/Boo! A Madea Halloween",http://www.imdb.com/title/tt6170548/?ref_=fn_tt_tt_1
Mortal Kombat,http://www.imdb.com/title/tt0113855/?ref_=fn_tt_tt_1
White Chicks,http://www.imdb.com/title/tt0381707/?ref_=fn_tt_tt_1
Obsessed,http://www.imdb.com/title/tt1198138/?ref_=fn_tt_tt_1
Holes,http://www.imdb.com/title/tt0311289/?ref_=fn_tt_tt_1
Madea's Witness Protection,http://www.imdb.com/title/tt2215285/?ref_=fn_tt_tt_1
The Last Song,http://www.imdb.com/title/tt1294226/?ref_=fn_tt_tt_1
Why Did I Get Married Too?,http://www.imdb.com/title/tt1391137/?ref_=fn_tt_tt_1
12 Years a Slave,http://www.imdb.com/title/tt2024544/?ref_=fn_tt_tt_1
Drumline,http://www.imdb.com/title/tt0303933/?ref_=fn_tt_tt_1
Me Before You,http://www.imdb.com/title/tt2674426/?ref_=fn_tt_tt_1
Barbershop: The Next Cut,http://www.imdb.com/title/tt3628584/?ref_=fn_tt_tt_1
Edward Scissorhands,http://www.imdb.com/title/tt0099487/?ref_=fn_tt_tt_1
Selma,http://www.imdb.com/title/tt1020072/?ref_=fn_tt_tt_1
Popeye,http://www.imdb.com/title/tt0081353/?ref_=fn_tt_tt_1
Date Movie,http://www.imdb.com/title/tt0466342/?ref_=fn_tt_tt_1
Return to Never Land,http://www.imdb.com/title/tt0280030/?ref_=fn_tt_tt_1
The Jungle Book 2,http://www.imdb.com/title/tt0283426/?ref_=fn_tt_tt_1
Premonition,http://www.imdb.com/title/tt0477071/?ref_=fn_tt_tt_1
Halloween II,http://www.imdb.com/title/tt0082495/?ref_=fn_tt_tt_1
The Tigger Movie,http://www.imdb.com/title/tt0220099/?ref_=fn_tt_tt_1
Spotlight,http://www.imdb.com/title/tt1895587/?ref_=fn_tt_tt_1
Max,http://www.imdb.com/title/tt3369806/?ref_=fn_tt_tt_1
Meet the Browns,http://www.imdb.com/title/tt1319598/?ref_=fn_tt_tt_1
Orphan,http://www.imdb.com/title/tt1148204/?ref_=fn_tt_tt_1
Epic Movie,http://www.imdb.com/title/tt0799949/?ref_=fn_tt_tt_1
Lakeview Terrace,http://www.imdb.com/title/tt0947802/?ref_=fn_tt_tt_1
The Grudge 2,http://www.imdb.com/title/tt0433386/?ref_=fn_tt_tt_1
Nerve,http://www.imdb.com/title/tt3531824/?ref_=fn_tt_tt_1
Conan the Barbarian,http://www.imdb.com/title/tt0816462/?ref_=fn_tt_tt_1
How Stella Got Her Groove Back,http://www.imdb.com/title/tt0120703/?ref_=fn_tt_tt_1
Bill & Ted's Bogus Journey,http://www.imdb.com/title/tt0101452/?ref_=fn_tt_tt_1
Man of the Year,http://www.imdb.com/title/tt0483726/?ref_=fn_tt_tt_1
Risen,http://www.imdb.com/title/tt3231054/?ref_=fn_tt_tt_1
Vampires Suck,http://www.imdb.com/title/tt1666186/?ref_=fn_tt_tt_1
The Black Hole,http://www.imdb.com/title/tt0078869/?ref_=fn_tt_tt_1
The American,http://www.imdb.com/title/tt1440728/?ref_=fn_tt_tt_1
Selena,http://www.imdb.com/title/tt0120094/?ref_=fn_tt_tt_1
A Very Harold & Kumar 3D Christmas,http://www.imdb.com/title/tt1268799/?ref_=fn_tt_tt_1
Eternal Sunshine of the Spotless Mind,http://www.imdb.com/title/tt0338013/?ref_=fn_tt_tt_1
Texas Chainsaw 3D,http://www.imdb.com/title/tt1572315/?ref_=fn_tt_tt_1
Babel,http://www.imdb.com/title/tt0449467/?ref_=fn_tt_tt_1
This Is Where I Leave You,http://www.imdb.com/title/tt1371150/?ref_=fn_tt_tt_1
Doubt,http://www.imdb.com/title/tt4447390/?ref_=fn_tt_tt_1
Team America: World Police,http://www.imdb.com/title/tt0372588/?ref_=fn_tt_tt_1
Copycat,http://www.imdb.com/title/tt0112722/?ref_=fn_tt_tt_1
Scary Movie 5,http://www.imdb.com/title/tt0795461/?ref_=fn_tt_tt_1
She's Out of My League,http://www.imdb.com/title/tt0815236/?ref_=fn_tt_tt_1
Milk,http://www.imdb.com/title/tt1013753/?ref_=fn_tt_tt_1
Paint Your Wagon,http://www.imdb.com/title/tt0064782/?ref_=fn_tt_tt_1
The Debt,http://www.imdb.com/title/tt1226753/?ref_=fn_tt_tt_1
Ghost Ship,http://www.imdb.com/title/tt0288477/?ref_=fn_tt_tt_1
Daybreakers,http://www.imdb.com/title/tt0433362/?ref_=fn_tt_tt_1
The Bank Job,http://www.imdb.com/title/tt0200465/?ref_=fn_tt_tt_1
Wild Things,http://www.imdb.com/title/tt0120890/?ref_=fn_tt_tt_1
The Stepfather,http://www.imdb.com/title/tt0814335/?ref_=fn_tt_tt_1
High Fidelity,http://www.imdb.com/title/tt0146882/?ref_=fn_tt_tt_1
Stick It,http://www.imdb.com/title/tt0430634/?ref_=fn_tt_tt_1
One Missed Call,http://www.imdb.com/title/tt0479968/?ref_=fn_tt_tt_1
Eye for an Eye,http://www.imdb.com/title/tt0116260/?ref_=fn_tt_tt_1
Street Kings,http://www.imdb.com/title/tt0421073/?ref_=fn_tt_tt_1
The World's End,http://www.imdb.com/title/tt1213663/?ref_=fn_tt_tt_1
From Dusk Till Dawn,http://www.imdb.com/title/tt0116367/?ref_=fn_tt_tt_1
You Again,http://www.imdb.com/title/tt1414382/?ref_=fn_tt_tt_1
Nancy Drew,http://www.imdb.com/title/tt0479500/?ref_=fn_tt_tt_1
Alpha and Omega,http://www.imdb.com/title/tt1213012/?ref_=fn_tt_tt_1
Endless Love,http://www.imdb.com/title/tt2318092/?ref_=fn_tt_tt_1
The Covenant,http://www.imdb.com/title/tt0475944/?ref_=fn_tt_tt_1
Monte Carlo,http://www.imdb.com/title/tt1067774/?ref_=fn_tt_tt_1
Stay Alive,http://www.imdb.com/title/tt0441796/?ref_=fn_tt_tt_1
2 for the Money,http://www.imdb.com/title/tt0720709/?ref_=fn_tt_tt_1
Psycho,http://www.imdb.com/title/tt0054215/?ref_=fn_tt_tt_1
Quigley Down Under,http://www.imdb.com/title/tt0102744/?ref_=fn_tt_tt_1
To Die For,http://www.imdb.com/title/tt0114681/?ref_=fn_tt_tt_1
Shorts,http://www.imdb.com/title/tt1100119/?ref_=fn_tt_tt_1
Vampires,http://www.imdb.com/title/tt0120877/?ref_=fn_tt_tt_1
Appaloosa,http://www.imdb.com/title/tt0800308/?ref_=fn_tt_tt_1
Secret in Their Eyes,http://www.imdb.com/title/tt1741273/?ref_=fn_tt_tt_1
Yu-Gi-Oh!,http://www.imdb.com/title/tt0249327/?ref_=fn_tt_tt_1
Reign Over Me,http://www.imdb.com/title/tt0490204/?ref_=fn_tt_tt_1
My Best Friend's Girl,http://www.imdb.com/title/tt1046163/?ref_=fn_tt_tt_1
Georgia Rule,http://www.imdb.com/title/tt0791304/?ref_=fn_tt_tt_1
Under the Rainbow,http://www.imdb.com/title/tt0083254/?ref_=fn_tt_tt_1
Ladyhawke,http://www.imdb.com/title/tt0089457/?ref_=fn_tt_tt_1
Into the Wild,http://www.imdb.com/title/tt0758758/?ref_=fn_tt_tt_1
Simon Birch,http://www.imdb.com/title/tt0124879/?ref_=fn_tt_tt_1
Pooh's Heffalump Movie,http://www.imdb.com/title/tt0407121/?ref_=fn_tt_tt_1
School for Scoundrels,http://www.imdb.com/title/tt0462519/?ref_=fn_tt_tt_1
Silent Hill: Revelation 3D,http://www.imdb.com/title/tt0938330/?ref_=fn_tt_tt_1
Home for the Holidays,http://www.imdb.com/title/tt0113321/?ref_=fn_tt_tt_1
Fired Up,http://www.imdb.com/title/tt0118315/?ref_=fn_tt_tt_1
Kung Fu Hustle,http://www.imdb.com/title/tt0373074/?ref_=fn_tt_tt_1
The Country Bears,http://www.imdb.com/title/tt0276033/?ref_=fn_tt_tt_1
21 Grams,http://www.imdb.com/title/tt0315733/?ref_=fn_tt_tt_1
Armored,http://www.imdb.com/title/tt0913354/?ref_=fn_tt_tt_1
The Kite Runner,http://www.imdb.com/title/tt0419887/?ref_=fn_tt_tt_1
Paparazzi,http://www.imdb.com/title/tt0338325/?ref_=fn_tt_tt_1
A Guy Thing,http://www.imdb.com/title/tt0295289/?ref_=fn_tt_tt_1
The Greatest Story Ever Told,http://www.imdb.com/title/tt0059245/?ref_=fn_tt_tt_1
Loser,http://www.imdb.com/title/tt0217630/?ref_=fn_tt_tt_1
Twilight,http://www.imdb.com/title/tt1099212/?ref_=fn_tt_tt_1
Capitalism: A Love Story,http://www.imdb.com/title/tt1232207/?ref_=fn_tt_tt_1
Lockout,http://www.imdb.com/title/tt1592525/?ref_=fn_tt_tt_1
Disaster Movie,http://www.imdb.com/title/tt1213644/?ref_=fn_tt_tt_1
What's Your Number?,http://www.imdb.com/title/tt0770703/?ref_=fn_tt_tt_1
The Man Who Knew Too Little,http://www.imdb.com/title/tt0120483/?ref_=fn_tt_tt_1
Crank: High Voltage,http://www.imdb.com/title/tt1121931/?ref_=fn_tt_tt_1
Burnt,http://www.imdb.com/title/tt2503944/?ref_=fn_tt_tt_1
Envy,http://www.imdb.com/title/tt0326856/?ref_=fn_tt_tt_1
One Night with the King,http://www.imdb.com/title/tt0430431/?ref_=fn_tt_tt_1
Bullets Over Broadway,http://www.imdb.com/title/tt0109348/?ref_=fn_tt_tt_1
Ghost Town,http://www.imdb.com/title/tt0995039/?ref_=fn_tt_tt_1
The Quiet American,http://www.imdb.com/title/tt0258068/?ref_=fn_tt_tt_1
Triple 9,http://www.imdb.com/title/tt1712261/?ref_=fn_tt_tt_1
The Light Between Oceans,http://www.imdb.com/title/tt2547584/?ref_=fn_tt_tt_1
The Weather Man,http://www.imdb.com/title/tt0384680/?ref_=fn_tt_tt_1
Undisputed,http://www.imdb.com/title/tt0281322/?ref_=fn_tt_tt_1
12 Rounds,http://www.imdb.com/title/tt1160368/?ref_=fn_tt_tt_1
Let Me In,http://www.imdb.com/title/tt1228987/?ref_=fn_tt_tt_1
3 Ninjas Kick Back,http://www.imdb.com/title/tt0109015/?ref_=fn_tt_tt_1
Be Kind Rewind,http://www.imdb.com/title/tt0799934/?ref_=fn_tt_tt_1
Mrs Henderson Presents,http://www.imdb.com/title/tt0413015/?ref_=fn_tt_tt_1
Deconstructing Harry,http://www.imdb.com/title/tt0118954/?ref_=fn_tt_tt_1
Three to Tango,http://www.imdb.com/title/tt0144640/?ref_=fn_tt_tt_1
We're No Angels,http://www.imdb.com/title/tt0098625/?ref_=fn_tt_tt_1
Everyone Says I Love You,http://www.imdb.com/title/tt0116242/?ref_=fn_tt_tt_1
Death Sentence,http://www.imdb.com/title/tt0804461/?ref_=fn_tt_tt_1
Popstar: Never Stop Never Stopping,http://www.imdb.com/title/tt3960412/?ref_=fn_tt_tt_1
Everybody's Fine,http://www.imdb.com/title/tt0780511/?ref_=fn_tt_tt_1
Superbabies: Baby Geniuses 2,http://www.imdb.com/title/tt0270846/?ref_=fn_tt_tt_1
Battle of the Year,http://www.imdb.com/title/tt1532958/?ref_=fn_tt_tt_1
Ratchet and Clank,http://www.imdb.com/title/tt5667196/?ref_=fn_tt_tt_1
Death at a Funeral,http://www.imdb.com/title/tt0795368/?ref_=fn_tt_tt_1
The Man,http://www.imdb.com/title/tt0399327/?ref_=fn_tt_tt_1
Code Name: The Cleaner,http://www.imdb.com/title/tt0462229/?ref_=fn_tt_tt_1
Inherent Vice,http://www.imdb.com/title/tt1791528/?ref_=fn_tt_tt_1
Connie and Carla,http://www.imdb.com/title/tt0345074/?ref_=fn_tt_tt_1
Machete Kills,http://www.imdb.com/title/tt2002718/?ref_=fn_tt_tt_1
Sweet Charity,http://www.imdb.com/title/tt0065054/?ref_=fn_tt_tt_1
Doogal,http://www.imdb.com/title/tt0763304/?ref_=fn_tt_tt_1
Perception,http://www.imdb.com/title/tt1714204/?ref_=fn_tt_tt_1
An American Carol,http://www.imdb.com/title/tt1190617/?ref_=fn_tt_tt_1
Willard,http://www.imdb.com/title/tt0310357/?ref_=fn_tt_tt_1
Strange Wilderness,http://www.imdb.com/title/tt0489282/?ref_=fn_tt_tt_1
Little Boy,http://www.imdb.com/title/tt1810683/?ref_=fn_tt_tt_1
Topsy-Turvy,http://www.imdb.com/title/tt0151568/?ref_=fn_tt_tt_1
Chasing Mavericks,http://www.imdb.com/title/tt1629757/?ref_=fn_tt_tt_1
A Most Violent Year,http://www.imdb.com/title/tt2937898/?ref_=fn_tt_tt_1
A Dangerous Method,http://www.imdb.com/title/tt1571222/?ref_=fn_tt_tt_1
A Scanner Darkly,http://www.imdb.com/title/tt0405296/?ref_=fn_tt_tt_1
Bandslam,http://www.imdb.com/title/tt0976222/?ref_=fn_tt_tt_1
Alone in the Dark,http://www.imdb.com/title/tt0369226/?ref_=fn_tt_tt_1
Birth,http://www.imdb.com/title/tt0337876/?ref_=fn_tt_tt_1
Hands of Stone,http://www.imdb.com/title/tt1781827/?ref_=fn_tt_tt_1
Passchendaele,http://www.imdb.com/title/tt1092082/?ref_=fn_tt_tt_1
Flash of Genius,http://www.imdb.com/title/tt1054588/?ref_=fn_tt_tt_1
I'm Not There.,http://www.imdb.com/title/tt0368794/?ref_=fn_tt_tt_1
The Cold Light of Day,http://www.imdb.com/title/tt1366365/?ref_=fn_tt_tt_1
The Brothers Bloom,http://www.imdb.com/title/tt0844286/?ref_=fn_tt_tt_1
"Synecdoche, New York",http://www.imdb.com/title/tt0383028/?ref_=fn_tt_tt_1
Princess Mononoke,http://www.imdb.com/title/tt0119698/?ref_=fn_tt_tt_1
Bon voyage,http://www.imdb.com/title/tt0310778/?ref_=fn_tt_tt_1
My All-American,http://www.imdb.com/title/tt3719896/?ref_=fn_tt_tt_1
Can't Stop the Music,http://www.imdb.com/title/tt0080492/?ref_=fn_tt_tt_1
Movie 43,http://www.imdb.com/title/tt1333125/?ref_=fn_tt_tt_1
Marci X,http://www.imdb.com/title/tt0266747/?ref_=fn_tt_tt_1
Equilibrium,http://www.imdb.com/title/tt0238380/?ref_=fn_tt_tt_1
Dylan Dog: Dead of Night,http://www.imdb.com/title/tt1013860/?ref_=fn_tt_tt_1
The Oogieloves in the Big Balloon Adventure,http://www.imdb.com/title/tt1520498/?ref_=fn_tt_tt_1
The Children of Huang Shi,http://www.imdb.com/title/tt0889588/?ref_=fn_tt_tt_1
The Yards,http://www.imdb.com/title/tt0138946/?ref_=fn_tt_tt_1
All Good Things,http://www.imdb.com/title/tt1175709/?ref_=fn_tt_tt_1
By the Sea,http://www.imdb.com/title/tt3707106/?ref_=fn_tt_tt_1
Steamboy,http://www.imdb.com/title/tt0348121/?ref_=fn_tt_tt_1
The Game of Their Lives,http://www.imdb.com/title/tt0354595/?ref_=fn_tt_tt_1
Rapa Nui,http://www.imdb.com/title/tt0110944/?ref_=fn_tt_tt_1
The Tempest,http://www.imdb.com/title/tt1274300/?ref_=fn_tt_tt_1
CJ7,http://www.imdb.com/title/tt0940709/?ref_=fn_tt_tt_1
The Burning Plain,http://www.imdb.com/title/tt1068641/?ref_=fn_tt_tt_1
Les couloirs du temps: Les visiteurs II,http://www.imdb.com/title/tt0120882/?ref_=fn_tt_tt_1
People I Know,http://www.imdb.com/title/tt0274711/?ref_=fn_tt_tt_1
Regression,http://www.imdb.com/title/tt3319920/?ref_=fn_tt_tt_1
The Doombolt Chase,http://www.imdb.com/title/tt0166038/?ref_=fn_tt_tt_1
Zambezia,http://www.imdb.com/title/tt1488181/?ref_=fn_tt_tt_1
Three Kingdoms: Resurrection of the Dragon,http://www.imdb.com/title/tt0882978/?ref_=fn_tt_tt_1
The Touch,http://www.imdb.com/title/tt0066826/?ref_=fn_tt_tt_1
Survivor,http://www.imdb.com/title/tt0239195/?ref_=fn_tt_tt_1
Shattered,http://www.imdb.com/title/tt0489664/?ref_=fn_tt_tt_1
Ramanujan,http://www.imdb.com/title/tt3037162/?ref_=fn_tt_tt_1
The Story of Bonnie and Clyde,http://www.imdb.com/title/tt1355646/?ref_=fn_tt_tt_1
Dwegons and Leprechauns,http://www.imdb.com/title/tt1134666/?ref_=fn_tt_tt_1
The History of Love,http://www.imdb.com/title/tt0443533/?ref_=fn_tt_tt_1
Fight Valley,http://www.imdb.com/title/tt4280822/?ref_=fn_tt_tt_1
The Thousand Miles,http://www.imdb.com/title/tt3492042/?ref_=fn_tt_tt_1
The Baader Meinhof Complex,http://www.imdb.com/title/tt0765432/?ref_=fn_tt_tt_1
The Painted Veil,http://www.imdb.com/title/tt0446755/?ref_=fn_tt_tt_1
The Frozen Ground,http://www.imdb.com/title/tt2005374/?ref_=fn_tt_tt_1
The Devil's Double,http://www.imdb.com/title/tt1270262/?ref_=fn_tt_tt_1
Back to the Future,http://www.imdb.com/title/tt0088763/?ref_=fn_tt_tt_1
Dances with Wolves,http://www.imdb.com/title/tt0099348/?ref_=fn_tt_tt_1
Scream,http://www.imdb.com/title/tt0117571/?ref_=fn_tt_tt_1
Bad Teacher,http://www.imdb.com/title/tt1284575/?ref_=fn_tt_tt_1
Sausage Party,http://www.imdb.com/title/tt1700841/?ref_=fn_tt_tt_1
Sea of Love,http://www.imdb.com/title/tt0098273/?ref_=fn_tt_tt_1
Just Married,http://www.imdb.com/title/tt0305711/?ref_=fn_tt_tt_1
I Can Do Bad All by Myself,http://www.imdb.com/title/tt1385912/?ref_=fn_tt_tt_1
A Cinderella Story,http://www.imdb.com/title/tt0356470/?ref_=fn_tt_tt_1
The Shining,http://www.imdb.com/title/tt0081505/?ref_=fn_tt_tt_1
Thir13en Ghosts,http://www.imdb.com/title/tt0245674/?ref_=fn_tt_tt_1
House on Haunted Hill,http://www.imdb.com/title/tt0185371/?ref_=fn_tt_tt_1
The Crazies,http://www.imdb.com/title/tt0455407/?ref_=fn_tt_tt_1
Notorious,http://www.imdb.com/title/tt5519574/?ref_=fn_tt_tt_1
The Switch,http://www.imdb.com/title/tt0889573/?ref_=fn_tt_tt_1
Leap Year,http://www.imdb.com/title/tt1216492/?ref_=fn_tt_tt_1
The Book Thief,http://www.imdb.com/title/tt0816442/?ref_=fn_tt_tt_1
"Gone, Baby, Gone",http://www.imdb.com/title/tt1697237/?ref_=fn_tt_tt_1
Thomas and the Magic Railroad,http://www.imdb.com/title/tt0205461/?ref_=fn_tt_tt_1
The Bounty,http://www.imdb.com/title/tt0086993/?ref_=fn_tt_tt_1
Spirited Away,http://www.imdb.com/title/tt0245429/?ref_=fn_tt_tt_1
Sex Drive,http://www.imdb.com/title/tt1135985/?ref_=fn_tt_tt_1
Firestorm,http://www.imdb.com/title/tt3341072/?ref_=fn_tt_tt_1
Take Me Home Tonight,http://www.imdb.com/title/tt0810922/?ref_=fn_tt_tt_1
Won't Back Down,http://www.imdb.com/title/tt1870529/?ref_=fn_tt_tt_1
The Fall of the Roman Empire,http://www.imdb.com/title/tt0058085/?ref_=fn_tt_tt_1
The Nutcracker,http://www.imdb.com/title/tt0107719/?ref_=fn_tt_tt_1
Kansas City,http://www.imdb.com/title/tt0116745/?ref_=fn_tt_tt_1
Out of Inferno,http://www.imdb.com/title/tt2957680/?ref_=fn_tt_tt_1
Land of the Dead,http://www.imdb.com/title/tt0418819/?ref_=fn_tt_tt_1
Days of Glory,http://www.imdb.com/title/tt0444182/?ref_=fn_tt_tt_1
The Amityville Horror,http://www.imdb.com/title/tt0384806/?ref_=fn_tt_tt_1
Adaptation.,http://www.imdb.com/title/tt0268126/?ref_=fn_tt_tt_1
The Invention of Lying,http://www.imdb.com/title/tt1058017/?ref_=fn_tt_tt_1
Fear and Loathing in Las Vegas,http://www.imdb.com/title/tt0120669/?ref_=fn_tt_tt_1
Tell No One,http://www.imdb.com/title/tt0362225/?ref_=fn_tt_tt_1
Left Behind,http://www.imdb.com/title/tt2467046/?ref_=fn_tt_tt_1
Neighbors,http://www.imdb.com/title/tt2004420/?ref_=fn_tt_tt_1
Borat: Cultural Learnings of America for Make Benefit Glorious Nation of Kazakhstan,http://www.imdb.com/title/tt0443453/?ref_=fn_tt_tt_1
The Mask,http://www.imdb.com/title/tt0110475/?ref_=fn_tt_tt_1
Big,http://www.imdb.com/title/tt0094737/?ref_=fn_tt_tt_1
Legally Blonde,http://www.imdb.com/title/tt0250494/?ref_=fn_tt_tt_1
Mean Girls,http://www.imdb.com/title/tt0377092/?ref_=fn_tt_tt_1
Star Trek III: The Search for Spock,http://www.imdb.com/title/tt0088170/?ref_=fn_tt_tt_1
The Exorcism of Emily Rose,http://www.imdb.com/title/tt0404032/?ref_=fn_tt_tt_1
Deuce Bigalow: Male Gigolo,http://www.imdb.com/title/tt0205000/?ref_=fn_tt_tt_1
Barbershop 2: Back in Business,http://www.imdb.com/title/tt0337579/?ref_=fn_tt_tt_1
The Family Stone,http://www.imdb.com/title/tt0356680/?ref_=fn_tt_tt_1
Bad Santa,http://www.imdb.com/title/tt0307987/?ref_=fn_tt_tt_1
The Predator,http://www.imdb.com/title/tt3829266/?ref_=fn_tt_tt_1
My Big Fat Greek Wedding 2,http://www.imdb.com/title/tt3760922/?ref_=fn_tt_tt_1
The Perfect Guy,http://www.imdb.com/title/tt3862750/?ref_=fn_tt_tt_1
Austin Powers: International Man of Mystery,http://www.imdb.com/title/tt0118655/?ref_=fn_tt_tt_1
Diary of a Wimpy Kid: Rodrick Rules,http://www.imdb.com/title/tt1650043/?ref_=fn_tt_tt_1
Amadeus,http://www.imdb.com/title/tt0086879/?ref_=fn_tt_tt_1
Prom Night,http://www.imdb.com/title/tt0926129/?ref_=fn_tt_tt_1
Soul Surfer,http://www.imdb.com/title/tt1596346/?ref_=fn_tt_tt_1
Under the Tuscan Sun,http://www.imdb.com/title/tt0328589/?ref_=fn_tt_tt_1
Birdman or (The Unexpected Virtue of Ignorance),http://www.imdb.com/title/tt2562232/?ref_=fn_tt_tt_1
Peggy Sue Got Married,http://www.imdb.com/title/tt0091738/?ref_=fn_tt_tt_1
Gosford Park,http://www.imdb.com/title/tt0280707/?ref_=fn_tt_tt_1
The O.C.,http://www.imdb.com/title/tt0362359/?ref_=fn_tt_tt_1
Blue Jasmine,http://www.imdb.com/title/tt2334873/?ref_=fn_tt_tt_1
United 93,http://www.imdb.com/title/tt0475276/?ref_=fn_tt_tt_1
Honey,http://www.imdb.com/title/tt0322589/?ref_=fn_tt_tt_1
The Fog,http://www.imdb.com/title/tt0432291/?ref_=fn_tt_tt_1
Spy Hard,http://www.imdb.com/title/tt0117723/?ref_=fn_tt_tt_1
Ricki and the Flash,http://www.imdb.com/title/tt3623726/?ref_=fn_tt_tt_1
Glory,http://www.imdb.com/title/tt0097441/?ref_=fn_tt_tt_1
Conan the Destroyer,http://www.imdb.com/title/tt0087078/?ref_=fn_tt_tt_1
Love the Coopers,http://www.imdb.com/title/tt2279339/?ref_=fn_tt_tt_1
Catch-22,http://www.imdb.com/title/tt0065528/?ref_=fn_tt_tt_1
Observe and Report,http://www.imdb.com/title/tt1197628/?ref_=fn_tt_tt_1
Raging Bull,http://www.imdb.com/title/tt0081398/?ref_=fn_tt_tt_1
Love Happens,http://www.imdb.com/title/tt0899106/?ref_=fn_tt_tt_1
Fame,http://www.imdb.com/title/tt0080716/?ref_=fn_tt_tt_1
Young Sherlock Holmes,http://www.imdb.com/title/tt0090357/?ref_=fn_tt_tt_1
127 Hours,http://www.imdb.com/title/tt1542344/?ref_=fn_tt_tt_1
Small Time Crooks,http://www.imdb.com/title/tt0196216/?ref_=fn_tt_tt_1
Center Stage,http://www.imdb.com/title/tt0210616/?ref_=fn_tt_tt_1
Norm of the North,http://www.imdb.com/title/tt1594972/?ref_=fn_tt_tt_1
Catch That Kid,http://www.imdb.com/title/tt0337917/?ref_=fn_tt_tt_1
Steve Jobs,http://www.imdb.com/title/tt2080374/?ref_=fn_tt_tt_1
Life as a House,http://www.imdb.com/title/tt0264796/?ref_=fn_tt_tt_1
Youth in Revolt,http://www.imdb.com/title/tt0403702/?ref_=fn_tt_tt_1
And So It Goes,http://www.imdb.com/title/tt2465146/?ref_=fn_tt_tt_1
"I Love You, Beth Cooper",http://www.imdb.com/title/tt1032815/?ref_=fn_tt_tt_1
Blow Out,http://www.imdb.com/title/tt0082085/?ref_=fn_tt_tt_1
The Tailor of Panama,http://www.imdb.com/title/tt0236784/?ref_=fn_tt_tt_1
The Legend of the Lone Ranger,http://www.imdb.com/title/tt0082648/?ref_=fn_tt_tt_1
Labor Day,http://www.imdb.com/title/tt1967545/?ref_=fn_tt_tt_1
The Circle,http://www.imdb.com/title/tt4287320/?ref_=fn_tt_tt_1
The Getaway,http://www.imdb.com/title/tt0068638/?ref_=fn_tt_tt_1
The Ice Storm,http://www.imdb.com/title/tt0119349/?ref_=fn_tt_tt_1
Being Julia,http://www.imdb.com/title/tt0340012/?ref_=fn_tt_tt_1
Troop Beverly Hills,http://www.imdb.com/title/tt0098519/?ref_=fn_tt_tt_1
9½ Weeks,http://www.imdb.com/title/tt0091635/?ref_=fn_tt_tt_1
The Last Station,http://www.imdb.com/title/tt0824758/?ref_=fn_tt_tt_1
Dragonslayer,http://www.imdb.com/title/tt0082288/?ref_=fn_tt_tt_1
Ed Wood,http://www.imdb.com/title/tt0109707/?ref_=fn_tt_tt_1
Mongol: The Rise of Genghis Khan,http://www.imdb.com/title/tt0416044/?ref_=fn_tt_tt_1
RocknRolla,http://www.imdb.com/title/tt1032755/?ref_=fn_tt_tt_1
Megaforce,http://www.imdb.com/title/tt0084316/?ref_=fn_tt_tt_1
Mao's Last Dancer,http://www.imdb.com/title/tt1071812/?ref_=fn_tt_tt_1
Hamlet,http://www.imdb.com/title/tt0116477/?ref_=fn_tt_tt_1
The Railway Man,http://www.imdb.com/title/tt2058107/?ref_=fn_tt_tt_1
Restoration,http://www.imdb.com/title/tt0114272/?ref_=fn_tt_tt_1
Midnight Special,http://www.imdb.com/title/tt2649554/?ref_=fn_tt_tt_1
Miss Sloane,http://www.imdb.com/title/tt4540710/?ref_=fn_tt_tt_1
Metallica Through the Never,http://www.imdb.com/title/tt2172935/?ref_=fn_tt_tt_1
Anything Else,http://www.imdb.com/title/tt0313792/?ref_=fn_tt_tt_1
Unforgettable,http://www.imdb.com/title/tt3462710/?ref_=fn_tt_tt_1
T2 Trainspotting,http://www.imdb.com/title/tt2763304/?ref_=fn_tt_tt_1
The White Ribbon,http://www.imdb.com/title/tt1149362/?ref_=fn_tt_tt_1
Phantom,http://www.imdb.com/title/tt1922685/?ref_=fn_tt_tt_1
The Salton Sea,http://www.imdb.com/title/tt0235737/?ref_=fn_tt_tt_1
The Informers,http://www.imdb.com/title/tt0865554/?ref_=fn_tt_tt_1
One Man's Hero,http://www.imdb.com/title/tt0120775/?ref_=fn_tt_tt_1
Carlos,http://www.imdb.com/title/tt1321865/?ref_=fn_tt_tt_1
Renaissance,http://www.imdb.com/title/tt0386741/?ref_=fn_tt_tt_1
I Come with the Rain,http://www.imdb.com/title/tt1024744/?ref_=fn_tt_tt_1
I Am Wrath,http://www.imdb.com/title/tt3212232/?ref_=fn_tt_tt_1
Day of the Dead,http://www.imdb.com/title/tt0088993/?ref_=fn_tt_tt_1
The Prince,http://www.imdb.com/title/tt1085492/?ref_=fn_tt_tt_1
Wolves,http://www.imdb.com/title/tt1403241/?ref_=fn_tt_tt_1
Forsaken,http://www.imdb.com/title/tt2271563/?ref_=fn_tt_tt_1
Red Sonja,http://www.imdb.com/title/tt0089893/?ref_=fn_tt_tt_1
Red Lights,http://www.imdb.com/title/tt1748179/?ref_=fn_tt_tt_1
Superbad,http://www.imdb.com/title/tt0829482/?ref_=fn_tt_tt_1
Madea Goes to Jail,http://www.imdb.com/title/tt1142800/?ref_=fn_tt_tt_1
Step Up 2: The Streets,http://www.imdb.com/title/tt1023481/?ref_=fn_tt_tt_1
Hoodwinked!,http://www.imdb.com/title/tt0443536/?ref_=fn_tt_tt_1
Hitman,http://www.imdb.com/title/tt0465494/?ref_=fn_tt_tt_1
Hotel Rwanda,http://www.imdb.com/title/tt0395169/?ref_=fn_tt_tt_1
Beerfest,http://www.imdb.com/title/tt0486551/?ref_=fn_tt_tt_1
Black Nativity,http://www.imdb.com/title/tt1425922/?ref_=fn_tt_tt_1
City of Ghosts,http://www.imdb.com/title/tt6333056/?ref_=fn_tt_tt_1
Taxi 4,http://www.imdb.com/title/tt0804540/?ref_=fn_tt_tt_1
The Others,http://www.imdb.com/title/tt0230600/?ref_=fn_tt_tt_1
Aliens,http://www.imdb.com/title/tt0090605/?ref_=fn_tt_tt_1
Let's Be Cops,http://www.imdb.com/title/tt1924435/?ref_=fn_tt_tt_1
I Know What You Did Last Summer,http://www.imdb.com/title/tt0119345/?ref_=fn_tt_tt_1
My Fair Lady,http://www.imdb.com/title/tt0058385/?ref_=fn_tt_tt_1
Sideways,http://www.imdb.com/title/tt0375063/?ref_=fn_tt_tt_1
The Best Man Holiday,http://www.imdb.com/title/tt2083355/?ref_=fn_tt_tt_1
Friday the 13th,http://www.imdb.com/title/tt0758746/?ref_=fn_tt_tt_1
Pitch Perfect,http://www.imdb.com/title/tt1981677/?ref_=fn_tt_tt_1
Halloween,http://www.imdb.com/title/tt0077651/?ref_=fn_tt_tt_1
Evil Dead,http://www.imdb.com/title/tt1288558/?ref_=fn_tt_tt_1
Hero,http://www.imdb.com/title/tt0299977/?ref_=fn_tt_tt_1
Saw 3D: The Final Chapter,http://www.imdb.com/title/tt1477076/?ref_=fn_tt_tt_1
"McFarland, USA",http://www.imdb.com/title/tt2097298/?ref_=fn_tt_tt_1
Almost Christmas,http://www.imdb.com/title/tt4649416/?ref_=fn_tt_tt_1
The Hills Have Eyes,http://www.imdb.com/title/tt0454841/?ref_=fn_tt_tt_1
40 Days and 40 Nights,http://www.imdb.com/title/tt0243736/?ref_=fn_tt_tt_1
Good Boy!,http://www.imdb.com/title/tt0326900/?ref_=fn_tt_tt_1
Smokin' Aces,http://www.imdb.com/title/tt0475394/?ref_=fn_tt_tt_1
A Night at the Roxbury,http://www.imdb.com/title/tt0120770/?ref_=fn_tt_tt_1
Beastly,http://www.imdb.com/title/tt1152398/?ref_=fn_tt_tt_1
Brooklyn's Finest,http://www.imdb.com/title/tt1210042/?ref_=fn_tt_tt_1
TRON: Legacy,http://www.imdb.com/title/tt1104001/?ref_=fn_tt_tt_1
Lottery Ticket,http://www.imdb.com/title/tt0979434/?ref_=fn_tt_tt_1
Dickie Roberts: Former Child Star,http://www.imdb.com/title/tt0325258/?ref_=fn_tt_tt_1
ATL,http://www.imdb.com/title/tt0466856/?ref_=fn_tt_tt_1
Summer Catch,http://www.imdb.com/title/tt0234829/?ref_=fn_tt_tt_1
A Simple Plan,http://www.imdb.com/title/tt0120324/?ref_=fn_tt_tt_1
Larry the Cable Guy: Health Inspector,http://www.imdb.com/title/tt0462395/?ref_=fn_tt_tt_1
They,http://www.imdb.com/title/tt0283632/?ref_=fn_tt_tt_1
The Adventures of Elmo in Grouchland,http://www.imdb.com/title/tt0159421/?ref_=fn_tt_tt_1
Superman IV: The Quest for Peace,http://www.imdb.com/title/tt0094074/?ref_=fn_tt_tt_1
55 Days at Peking,http://www.imdb.com/title/tt0056800/?ref_=fn_tt_tt_1
My Life in Ruins,http://www.imdb.com/title/tt0865559/?ref_=fn_tt_tt_1
American Dreamz,http://www.imdb.com/title/tt0465142/?ref_=fn_tt_tt_1
How She Move,http://www.imdb.com/title/tt0770810/?ref_=fn_tt_tt_1
Running Scared,http://www.imdb.com/title/tt0404390/?ref_=fn_tt_tt_1
The Apparition,http://www.imdb.com/title/tt1433822/?ref_=fn_tt_tt_1
Bobby Jones: Stroke of Genius,http://www.imdb.com/title/tt0375104/?ref_=fn_tt_tt_1
Shanghai Surprise,http://www.imdb.com/title/tt0091934/?ref_=fn_tt_tt_1
The Illusionist,http://www.imdb.com/title/tt0443543/?ref_=fn_tt_tt_1
Roar,http://www.imdb.com/title/tt0083001/?ref_=fn_tt_tt_1
Veronica Guerin,http://www.imdb.com/title/tt0312549/?ref_=fn_tt_tt_1
Genius.,http://www.imdb.com/title/tt5673782/?ref_=fn_tt_tt_1
Southland Tales,http://www.imdb.com/title/tt0405336/?ref_=fn_tt_tt_1
Escobar: Paradise Lost,http://www.imdb.com/title/tt2515030/?ref_=fn_tt_tt_1
Dragon Hunters,http://www.imdb.com/title/tt0944834/?ref_=fn_tt_tt_1
Damnation Alley,http://www.imdb.com/title/tt0075909/?ref_=fn_tt_tt_1
The Young Messiah,http://www.imdb.com/title/tt1002563/?ref_=fn_tt_tt_1
Fur: An Imaginary Portrait of Diane Arbus,http://www.imdb.com/title/tt0422295/?ref_=fn_tt_tt_1
My Girl,http://www.imdb.com/title/tt0102492/?ref_=fn_tt_tt_1
Wall Street,http://www.imdb.com/title/tt0094291/?ref_=fn_tt_tt_1
Sense and Sensibility,http://www.imdb.com/title/tt0114388/?ref_=fn_tt_tt_1
The Illusionist,http://www.imdb.com/title/tt0443543/?ref_=fn_tt_tt_1
Becoming Jane,http://www.imdb.com/title/tt0416508/?ref_=fn_tt_tt_1
House of Sand and Fog,http://www.imdb.com/title/tt0315983/?ref_=fn_tt_tt_1
Sydney White,http://www.imdb.com/title/tt0815244/?ref_=fn_tt_tt_1
Arn: The Knight Templar,http://www.imdb.com/title/tt0837106/?ref_=fn_tt_tt_1
Dead Poets Society,http://www.imdb.com/title/tt0097165/?ref_=fn_tt_tt_1
Dumb & Dumber,http://www.imdb.com/title/tt0109686/?ref_=fn_tt_tt_1
When Harry Met Sally...,http://www.imdb.com/title/tt0098635/?ref_=fn_tt_tt_1
Road Trip,http://www.imdb.com/title/tt0215129/?ref_=fn_tt_tt_1
The Verdict,http://www.imdb.com/title/tt0084855/?ref_=fn_tt_tt_1
Varsity Blues,http://www.imdb.com/title/tt0139699/?ref_=fn_tt_tt_1
Moonrise Kingdom,http://www.imdb.com/title/tt1748122/?ref_=fn_tt_tt_1
The Artist,http://www.imdb.com/title/tt1655442/?ref_=fn_tt_tt_1
The Unborn,http://www.imdb.com/title/tt1139668/?ref_=fn_tt_tt_1
The Master of Disguise,http://www.imdb.com/title/tt0295427/?ref_=fn_tt_tt_1
The Texas Chainsaw Massacre: The Beginning,http://www.imdb.com/title/tt0420294/?ref_=fn_tt_tt_1
Pan's Labyrinth,http://www.imdb.com/title/tt0457430/?ref_=fn_tt_tt_1
The Roommate,http://www.imdb.com/title/tt1265990/?ref_=fn_tt_tt_1
The Messengers,http://www.imdb.com/title/tt3513704/?ref_=fn_tt_tt_1
See Spot Run,http://www.imdb.com/title/tt0250720/?ref_=fn_tt_tt_1
Double Impact,http://www.imdb.com/title/tt0101764/?ref_=fn_tt_tt_1
Baby Boy,http://www.imdb.com/title/tt0255819/?ref_=fn_tt_tt_1
Joe Dirt,http://www.imdb.com/title/tt0245686/?ref_=fn_tt_tt_1
The Women,http://www.imdb.com/title/tt0430770/?ref_=fn_tt_tt_1
Hot Fuzz,http://www.imdb.com/title/tt0425112/?ref_=fn_tt_tt_1
Vicky Cristina Barcelona,http://www.imdb.com/title/tt0497465/?ref_=fn_tt_tt_1
Boys and Girls,http://www.imdb.com/title/tt0204175/?ref_=fn_tt_tt_1
Léon: The Professional,http://www.imdb.com/title/tt0110413/?ref_=fn_tt_tt_1
Remember Me,http://www.imdb.com/title/tt1403981/?ref_=fn_tt_tt_1
White Oleander,http://www.imdb.com/title/tt0283139/?ref_=fn_tt_tt_1
Jennifer's Body,http://www.imdb.com/title/tt1131734/?ref_=fn_tt_tt_1
Drowning Mona,http://www.imdb.com/title/tt0186045/?ref_=fn_tt_tt_1
Radio Days,http://www.imdb.com/title/tt0093818/?ref_=fn_tt_tt_1
How to Deal,http://www.imdb.com/title/tt0319524/?ref_=fn_tt_tt_1
Left Behind,http://www.imdb.com/title/tt2467046/?ref_=fn_tt_tt_1
Soul Plane,http://www.imdb.com/title/tt0367085/?ref_=fn_tt_tt_1
My Stepmother Is an Alien,http://www.imdb.com/title/tt0095687/?ref_=fn_tt_tt_1
Philadelphia,http://www.imdb.com/title/tt0107818/?ref_=fn_tt_tt_1
The Thirteenth Floor,http://www.imdb.com/title/tt0139809/?ref_=fn_tt_tt_1
The Cookout,http://www.imdb.com/title/tt0380277/?ref_=fn_tt_tt_1
Meteor,http://www.imdb.com/title/tt0079550/?ref_=fn_tt_tt_1
Highlander,http://www.imdb.com/title/tt0091203/?ref_=fn_tt_tt_1
Bleed for This,http://www.imdb.com/title/tt1620935/?ref_=fn_tt_tt_1
Hollywood Ending,http://www.imdb.com/title/tt0278823/?ref_=fn_tt_tt_1
Duets,http://www.imdb.com/title/tt0134630/?ref_=fn_tt_tt_1
Detroit Rock City,http://www.imdb.com/title/tt0165710/?ref_=fn_tt_tt_1
Things We Lost in the Fire,http://www.imdb.com/title/tt0469623/?ref_=fn_tt_tt_1
The Homesman,http://www.imdb.com/title/tt2398231/?ref_=fn_tt_tt_1
Trance,http://www.imdb.com/title/tt1924429/?ref_=fn_tt_tt_1
The Immigrant,http://www.imdb.com/title/tt1951181/?ref_=fn_tt_tt_1
Steel,http://www.imdb.com/title/tt0120207/?ref_=fn_tt_tt_1
The White Countess,http://www.imdb.com/title/tt0384686/?ref_=fn_tt_tt_1
Welcome to the Sticks,http://www.imdb.com/title/tt1064932/?ref_=fn_tt_tt_1
"Men, Women & Children",http://www.imdb.com/title/tt3179568/?ref_=fn_tt_tt_1
Enter the Void,http://www.imdb.com/title/tt1191111/?ref_=fn_tt_tt_1
Good,http://www.imdb.com/title/tt0436364/?ref_=fn_tt_tt_1
Vamps,http://www.imdb.com/title/tt1545106/?ref_=fn_tt_tt_1
Tidal Wave,http://www.imdb.com/title/tt1153040/?ref_=fn_tt_tt_1
Hachi: A Dog's Tale,http://www.imdb.com/title/tt1028532/?ref_=fn_tt_tt_1
Zulu,http://www.imdb.com/title/tt0058777/?ref_=fn_tt_tt_1
Juwanna Mann,http://www.imdb.com/title/tt0247444/?ref_=fn_tt_tt_1
La Vie en Rose,http://www.imdb.com/title/tt0450188/?ref_=fn_tt_tt_1
Ararat,http://www.imdb.com/title/tt0273435/?ref_=fn_tt_tt_1
Slow Burn,http://www.imdb.com/title/tt0376196/?ref_=fn_tt_tt_1
Madison,http://www.imdb.com/title/tt0206113/?ref_=fn_tt_tt_1
The Yellow Handkerchief,http://www.imdb.com/title/tt0954990/?ref_=fn_tt_tt_1
Wasabi,http://www.imdb.com/title/tt0281364/?ref_=fn_tt_tt_1
Slither,http://www.imdb.com/title/tt0439815/?ref_=fn_tt_tt_1
Home Alone,http://www.imdb.com/title/tt0099785/?ref_=fn_tt_tt_1
Beverly Hills Cop,http://www.imdb.com/title/tt0086960/?ref_=fn_tt_tt_1
Top Gun,http://www.imdb.com/title/tt0092099/?ref_=fn_tt_tt_1
Tootsie,http://www.imdb.com/title/tt0084805/?ref_=fn_tt_tt_1
3 Men and a Baby,http://www.imdb.com/title/tt0094137/?ref_=fn_tt_tt_1
The King's Speech,http://www.imdb.com/title/tt1504320/?ref_=fn_tt_tt_1
American Beauty,http://www.imdb.com/title/tt0169547/?ref_=fn_tt_tt_1
"Crouching Tiger, Hidden Dragon",http://www.imdb.com/title/tt0190332/?ref_=fn_tt_tt_1
Twins,http://www.imdb.com/title/tt0096320/?ref_=fn_tt_tt_1
Scream: The TV Series,http://www.imdb.com/title/tt3921180/?ref_=fn_tt_tt_1
Bad Grandpa,http://www.imdb.com/title/tt3063516/?ref_=fn_tt_tt_1
The Color Purple,http://www.imdb.com/title/tt0088939/?ref_=fn_tt_tt_1
The Imitation Game,http://www.imdb.com/title/tt2084970/?ref_=fn_tt_tt_1
Beetlejuice,http://www.imdb.com/title/tt0094721/?ref_=fn_tt_tt_1
Ben-Hur,http://www.imdb.com/title/tt2638144/?ref_=fn_tt_tt_1
Mama,http://www.imdb.com/title/tt2023587/?ref_=fn_tt_tt_1
Private Benjamin,http://www.imdb.com/title/tt0081375/?ref_=fn_tt_tt_1
Coal Miner's Daughter,http://www.imdb.com/title/tt0080549/?ref_=fn_tt_tt_1
Lethal Weapon,http://www.imdb.com/title/tt5164196/?ref_=fn_tt_tt_1
Diary of a Wimpy Kid,http://www.imdb.com/title/tt1196141/?ref_=fn_tt_tt_1
National Lampoon's Vacation,http://www.imdb.com/title/tt0085995/?ref_=fn_tt_tt_1
Halloween,http://www.imdb.com/title/tt0077651/?ref_=fn_tt_tt_1
The Queen,http://www.imdb.com/title/tt0436697/?ref_=fn_tt_tt_1
Why Did I Get Married?,http://www.imdb.com/title/tt0906108/?ref_=fn_tt_tt_1
The Woman in Black,http://www.imdb.com/title/tt1596365/?ref_=fn_tt_tt_1
Little Women,http://www.imdb.com/title/tt0110367/?ref_=fn_tt_tt_1
The Deer Hunter,http://www.imdb.com/title/tt0077416/?ref_=fn_tt_tt_1
When a Stranger Calls,http://www.imdb.com/title/tt0455857/?ref_=fn_tt_tt_1
Big Fat Liar,http://www.imdb.com/title/tt0265298/?ref_=fn_tt_tt_1
Cop Land,http://www.imdb.com/title/tt0118887/?ref_=fn_tt_tt_1
Wag the Dog,http://www.imdb.com/title/tt0120885/?ref_=fn_tt_tt_1
Snitch,http://www.imdb.com/title/tt0882977/?ref_=fn_tt_tt_1
The Lizzie McGuire Movie,http://www.imdb.com/title/tt0306841/?ref_=fn_tt_tt_1
Krampus,http://www.imdb.com/title/tt3850590/?ref_=fn_tt_tt_1
End of Watch,http://www.imdb.com/title/tt1855199/?ref_=fn_tt_tt_1
The Faculty,http://www.imdb.com/title/tt0133751/?ref_=fn_tt_tt_1
What's Love Got to Do with It,http://www.imdb.com/title/tt0108551/?ref_=fn_tt_tt_1
Not Another Teen Movie,http://www.imdb.com/title/tt0277371/?ref_=fn_tt_tt_1
Wild,http://www.imdb.com/title/tt2305051/?ref_=fn_tt_tt_1
Lawrence of Arabia,http://www.imdb.com/title/tt0056172/?ref_=fn_tt_tt_1
The Theory of Everything,http://www.imdb.com/title/tt2980516/?ref_=fn_tt_tt_1
Drive,http://www.imdb.com/title/tt0780504/?ref_=fn_tt_tt_1
The Skulls,http://www.imdb.com/title/tt0192614/?ref_=fn_tt_tt_1
Aloha,http://www.imdb.com/title/tt1243974/?ref_=fn_tt_tt_1
Malibu's Most Wanted,http://www.imdb.com/title/tt0328099/?ref_=fn_tt_tt_1
All About Steve,http://www.imdb.com/title/tt0881891/?ref_=fn_tt_tt_1
Where the Heart Is,http://www.imdb.com/title/tt0198021/?ref_=fn_tt_tt_1
Halloween II,http://www.imdb.com/title/tt1311067/?ref_=fn_tt_tt_1
The Last House on the Left,http://www.imdb.com/title/tt0844708/?ref_=fn_tt_tt_1
Because of Winn-Dixie,http://www.imdb.com/title/tt0317132/?ref_=fn_tt_tt_1
The Wedding Date,http://www.imdb.com/title/tt0372532/?ref_=fn_tt_tt_1
The Princess Bride,http://www.imdb.com/title/tt0093779/?ref_=fn_tt_tt_1
Halloween: Resurrection,http://www.imdb.com/title/tt0220506/?ref_=fn_tt_tt_1
The Great Debaters,http://www.imdb.com/title/tt0427309/?ref_=fn_tt_tt_1
When the Game Stands Tall,http://www.imdb.com/title/tt2247476/?ref_=fn_tt_tt_1
Clash of the Titans,http://www.imdb.com/title/tt0800320/?ref_=fn_tt_tt_1
Confessions of a Teenage Drama Queen,http://www.imdb.com/title/tt0361467/?ref_=fn_tt_tt_1
The Object of My Affection,http://www.imdb.com/title/tt0120772/?ref_=fn_tt_tt_1
28 Weeks Later,http://www.imdb.com/title/tt0463854/?ref_=fn_tt_tt_1
Grosse Pointe Blank,http://www.imdb.com/title/tt0119229/?ref_=fn_tt_tt_1
Love & Basketball,http://www.imdb.com/title/tt0199725/?ref_=fn_tt_tt_1
Book of Shadows: Blair Witch 2,http://www.imdb.com/title/tt0229260/?ref_=fn_tt_tt_1
Boogie Nights,http://www.imdb.com/title/tt0118749/?ref_=fn_tt_tt_1
Ramona and Beezus,http://www.imdb.com/title/tt0493949/?ref_=fn_tt_tt_1
The November Man,http://www.imdb.com/title/tt2402157/?ref_=fn_tt_tt_1
The Craft,http://www.imdb.com/title/tt0115963/?ref_=fn_tt_tt_1
Match Point,http://www.imdb.com/title/tt0416320/?ref_=fn_tt_tt_1
The Remains of the Day,http://www.imdb.com/title/tt0107943/?ref_=fn_tt_tt_1
Across the Tracks,http://www.imdb.com/title/tt0101268/?ref_=fn_tt_tt_1
Urban Legends: Final Cut,http://www.imdb.com/title/tt0192731/?ref_=fn_tt_tt_1
The Place Beyond the Pines,http://www.imdb.com/title/tt1817273/?ref_=fn_tt_tt_1
Flicka,http://www.imdb.com/title/tt0434215/?ref_=fn_tt_tt_1
The Hills Have Eyes II,http://www.imdb.com/title/tt0800069/?ref_=fn_tt_tt_1
Keanu,http://www.imdb.com/title/tt4139124/?ref_=fn_tt_tt_1
Country Strong,http://www.imdb.com/title/tt1555064/?ref_=fn_tt_tt_1
Tuck Everlasting,http://www.imdb.com/title/tt0283084/?ref_=fn_tt_tt_1
The Marine,http://www.imdb.com/title/tt0419946/?ref_=fn_tt_tt_1
Disturbing Behavior,http://www.imdb.com/title/tt0134619/?ref_=fn_tt_tt_1
The Big Lebowski,http://www.imdb.com/title/tt0118715/?ref_=fn_tt_tt_1
A Most Wanted Man,http://www.imdb.com/title/tt1972571/?ref_=fn_tt_tt_1
The Hurt Locker,http://www.imdb.com/title/tt0887912/?ref_=fn_tt_tt_1
Eye of the Beholder,http://www.imdb.com/title/tt0120662/?ref_=fn_tt_tt_1
The Man with the Iron Fists,http://www.imdb.com/title/tt1258972/?ref_=fn_tt_tt_1
Firestarter,http://www.imdb.com/title/tt0087262/?ref_=fn_tt_tt_1
Killing Them Softly,http://www.imdb.com/title/tt1764234/?ref_=fn_tt_tt_1
Freddy Got Fingered,http://www.imdb.com/title/tt0240515/?ref_=fn_tt_tt_1
One Day,http://www.imdb.com/title/tt1563738/?ref_=fn_tt_tt_1
De-Lovely,http://www.imdb.com/title/tt0352277/?ref_=fn_tt_tt_1
Whip It,http://www.imdb.com/title/tt1172233/?ref_=fn_tt_tt_1
The Pirates Who Don't Do Anything: A VeggieTales Movie,http://www.imdb.com/title/tt0475998/?ref_=fn_tt_tt_1
U2 3D,http://www.imdb.com/title/tt0892375/?ref_=fn_tt_tt_1
Highlander: Endgame,http://www.imdb.com/title/tt0144964/?ref_=fn_tt_tt_1
The Founder,http://www.imdb.com/title/tt4276820/?ref_=fn_tt_tt_1
Idlewild,http://www.imdb.com/title/tt0417225/?ref_=fn_tt_tt_1
Confidence,http://www.imdb.com/title/tt0310910/?ref_=fn_tt_tt_1
Knockaround Guys,http://www.imdb.com/title/tt0211465/?ref_=fn_tt_tt_1
The Follower,http://www.imdb.com/title/tt5636430/?ref_=fn_tt_tt_1
Barney's Great Adventure,http://www.imdb.com/title/tt0120598/?ref_=fn_tt_tt_1
New York Stories,http://www.imdb.com/title/tt0097965/?ref_=fn_tt_tt_1
Home Fries,http://www.imdb.com/title/tt0119304/?ref_=fn_tt_tt_1
Here on Earth,http://www.imdb.com/title/tt0195778/?ref_=fn_tt_tt_1
Raise Your Voice,http://www.imdb.com/title/tt0361696/?ref_=fn_tt_tt_1
Brazil,http://www.imdb.com/title/tt0088846/?ref_=fn_tt_tt_1
The Dead Zone,http://www.imdb.com/title/tt0281432/?ref_=fn_tt_tt_1
Black Snake Moan,http://www.imdb.com/title/tt0462200/?ref_=fn_tt_tt_1
Dark Blue,http://www.imdb.com/title/tt0279331/?ref_=fn_tt_tt_1
Peeples,http://www.imdb.com/title/tt1699755/?ref_=fn_tt_tt_1
A Mighty Heart,http://www.imdb.com/title/tt0829459/?ref_=fn_tt_tt_1
Brainstorm,http://www.imdb.com/title/tt0085271/?ref_=fn_tt_tt_1
Whatever It Takes,http://www.imdb.com/title/tt0202402/?ref_=fn_tt_tt_1
Boat Trip,http://www.imdb.com/title/tt0285462/?ref_=fn_tt_tt_1
The Importance of Being Earnest,http://www.imdb.com/title/tt0278500/?ref_=fn_tt_tt_1
The Love Letter,http://www.imdb.com/title/tt0166252/?ref_=fn_tt_tt_1
Hoot,http://www.imdb.com/title/tt0453494/?ref_=fn_tt_tt_1
In Bruges,http://www.imdb.com/title/tt0780536/?ref_=fn_tt_tt_1
Promised Land,http://www.imdb.com/title/tt2091473/?ref_=fn_tt_tt_1
Mulholland Drive,http://www.imdb.com/title/tt0166924/?ref_=fn_tt_tt_1
The Rocker,http://www.imdb.com/title/tt1031969/?ref_=fn_tt_tt_1
Post Grad,http://www.imdb.com/title/tt1142433/?ref_=fn_tt_tt_1
Whatever Works,http://www.imdb.com/title/tt1178663/?ref_=fn_tt_tt_1
The In Crowd,http://www.imdb.com/title/tt0163676/?ref_=fn_tt_tt_1
Three Burials,http://www.imdb.com/title/tt0419294/?ref_=fn_tt_tt_1
Jakob the Liar,http://www.imdb.com/title/tt0120716/?ref_=fn_tt_tt_1
Metamorphosis,http://www.imdb.com/title/tt0295435/?ref_=fn_tt_tt_1
Kiss Kiss Bang Bang,http://www.imdb.com/title/tt0373469/?ref_=fn_tt_tt_1
Idle Hands,http://www.imdb.com/title/tt0138510/?ref_=fn_tt_tt_1
Scout's Guide to the Zombie Apocalypse,http://www.imdb.com/title/tt5315456/?ref_=fn_tt_tt_1
Blood and Chocolate,http://www.imdb.com/title/tt0397044/?ref_=fn_tt_tt_1
You Will Meet a Tall Dark Stranger,http://www.imdb.com/title/tt1182350/?ref_=fn_tt_tt_1
Never Let Me Go,http://www.imdb.com/title/tt1334260/?ref_=fn_tt_tt_1
The Company,http://www.imdb.com/title/tt0335013/?ref_=fn_tt_tt_1
Transsiberian,http://www.imdb.com/title/tt0800241/?ref_=fn_tt_tt_1
Crazy in Alabama,http://www.imdb.com/title/tt0142201/?ref_=fn_tt_tt_1
The Clan of the Cave Bear,http://www.imdb.com/title/tt0090848/?ref_=fn_tt_tt_1
Funny Games,http://www.imdb.com/title/tt0808279/?ref_=fn_tt_tt_1
District B13,http://www.imdb.com/title/tt0414852/?ref_=fn_tt_tt_1
Felicia's Journey,http://www.imdb.com/title/tt0165773/?ref_=fn_tt_tt_1
Metropolis,http://www.imdb.com/title/tt0017136/?ref_=fn_tt_tt_1
Things to Do in Denver When You're Dead,http://www.imdb.com/title/tt0114660/?ref_=fn_tt_tt_1
The Reluctant Fundamentalist,http://www.imdb.com/title/tt2032557/?ref_=fn_tt_tt_1
The Return,http://www.imdb.com/title/tt0376968/?ref_=fn_tt_tt_1
Buffalo Soldiers,http://www.imdb.com/title/tt0252299/?ref_=fn_tt_tt_1
Centurion,http://www.imdb.com/title/tt1020558/?ref_=fn_tt_tt_1
Ong-bak 2,http://www.imdb.com/title/tt0785035/?ref_=fn_tt_tt_1
Silent Trigger,http://www.imdb.com/title/tt0117653/?ref_=fn_tt_tt_1
The Midnight Meat Train,http://www.imdb.com/title/tt0805570/?ref_=fn_tt_tt_1
Winnie Mandela,http://www.imdb.com/title/tt1551641/?ref_=fn_tt_tt_1
The Son of No One,http://www.imdb.com/title/tt1535612/?ref_=fn_tt_tt_1
All the Queen's Men,http://www.imdb.com/title/tt0252223/?ref_=fn_tt_tt_1
The Good Night,http://www.imdb.com/title/tt0484111/?ref_=fn_tt_tt_1
Khumba,http://www.imdb.com/title/tt1487931/?ref_=fn_tt_tt_1
A Few Best Men,http://www.imdb.com/title/tt1640711/?ref_=fn_tt_tt_1
Chiamatemi Francesco - Il Papa della gente,http://www.imdb.com/title/tt3856124/?ref_=fn_tt_tt_1
Bathory: Countess of Blood,http://www.imdb.com/title/tt0469640/?ref_=fn_tt_tt_1
Dungeons & Dragons: Wrath of the Dragon God,http://www.imdb.com/title/tt0406728/?ref_=fn_tt_tt_1
Automata,http://www.imdb.com/title/tt1971325/?ref_=fn_tt_tt_1
In Dubious Battle,http://www.imdb.com/title/tt4411618/?ref_=fn_tt_tt_1
Broken Horses,http://www.imdb.com/title/tt2503954/?ref_=fn_tt_tt_1
Pandaemonium,http://www.imdb.com/title/tt0210217/?ref_=fn_tt_tt_1
Shinjuku Incident,http://www.imdb.com/title/tt1075419/?ref_=fn_tt_tt_1
Groundhog Day,http://www.imdb.com/title/tt0107048/?ref_=fn_tt_tt_1
Magic Mike XXL,http://www.imdb.com/title/tt2268016/?ref_=fn_tt_tt_1
Romeo + Juliet,http://www.imdb.com/title/tt0117509/?ref_=fn_tt_tt_1
Sarah's Key,http://www.imdb.com/title/tt1668200/?ref_=fn_tt_tt_1
Freedom,http://www.imdb.com/title/tt2584018/?ref_=fn_tt_tt_1
Unforgiven,http://www.imdb.com/title/tt0105695/?ref_=fn_tt_tt_1
Manderlay,http://www.imdb.com/title/tt0342735/?ref_=fn_tt_tt_1
Pretty Woman,http://www.imdb.com/title/tt0100405/?ref_=fn_tt_tt_1
Fatal Attraction,http://www.imdb.com/title/tt0093010/?ref_=fn_tt_tt_1
Slumdog Millionaire,http://www.imdb.com/title/tt1010048/?ref_=fn_tt_tt_1
Towering Inferno,http://www.imdb.com/title/tt3480232/?ref_=fn_tt_tt_1
Crocodile Dundee II,http://www.imdb.com/title/tt0092493/?ref_=fn_tt_tt_1
Born on the Fourth of July,http://www.imdb.com/title/tt0096969/?ref_=fn_tt_tt_1
Cool Runnings,http://www.imdb.com/title/tt0106611/?ref_=fn_tt_tt_1
Stomp the Yard,http://www.imdb.com/title/tt0775539/?ref_=fn_tt_tt_1
My Bloody Valentine,http://www.imdb.com/title/tt1179891/?ref_=fn_tt_tt_1
The Possession,http://www.imdb.com/title/tt0431021/?ref_=fn_tt_tt_1
First Blood,http://www.imdb.com/title/tt0083944/?ref_=fn_tt_tt_1
The Spy Who Loved Me,http://www.imdb.com/title/tt0076752/?ref_=fn_tt_tt_1
Urban Legend,http://www.imdb.com/title/tt0146336/?ref_=fn_tt_tt_1
Taps,http://www.imdb.com/title/tt0083169/?ref_=fn_tt_tt_1
Good Deeds,http://www.imdb.com/title/tt1885265/?ref_=fn_tt_tt_1
White Fang,http://www.imdb.com/title/tt0103247/?ref_=fn_tt_tt_1
Dangerous Liaisons,http://www.imdb.com/title/tt0094947/?ref_=fn_tt_tt_1
Superstar,http://www.imdb.com/title/tt0167427/?ref_=fn_tt_tt_1
The Iron Lady,http://www.imdb.com/title/tt1007029/?ref_=fn_tt_tt_1
Poetic Justice,http://www.imdb.com/title/tt0107840/?ref_=fn_tt_tt_1
Jonah: A VeggieTales Movie,http://www.imdb.com/title/tt0298388/?ref_=fn_tt_tt_1
All About the Benjamins,http://www.imdb.com/title/tt0278295/?ref_=fn_tt_tt_1
Exorcist II: The Heretic,http://www.imdb.com/title/tt0076009/?ref_=fn_tt_tt_1
Our Family Wedding,http://www.imdb.com/title/tt1305583/?ref_=fn_tt_tt_1
Vampire in Brooklyn,http://www.imdb.com/title/tt0114825/?ref_=fn_tt_tt_1
An American Haunting,http://www.imdb.com/title/tt0429573/?ref_=fn_tt_tt_1
My Boss's Daughter,http://www.imdb.com/title/tt0270980/?ref_=fn_tt_tt_1
A Perfect Getaway,http://www.imdb.com/title/tt0971209/?ref_=fn_tt_tt_1
Thinner,http://www.imdb.com/title/tt0117894/?ref_=fn_tt_tt_1
Dead Man on Campus,http://www.imdb.com/title/tt0118301/?ref_=fn_tt_tt_1
Tea with Mussolini,http://www.imdb.com/title/tt0120857/?ref_=fn_tt_tt_1
"New York, New York",http://www.imdb.com/title/tt0076451/?ref_=fn_tt_tt_1
Jason X,http://www.imdb.com/title/tt0211443/?ref_=fn_tt_tt_1
Crooklyn,http://www.imdb.com/title/tt0109504/?ref_=fn_tt_tt_1
I Think I Love My Wife,http://www.imdb.com/title/tt0770772/?ref_=fn_tt_tt_1
Hot Tub Time Machine 2,http://www.imdb.com/title/tt2637294/?ref_=fn_tt_tt_1
Bobby,http://www.imdb.com/title/tt0308055/?ref_=fn_tt_tt_1
Head Over Heels,http://www.imdb.com/title/tt0192111/?ref_=fn_tt_tt_1
Fun Size,http://www.imdb.com/title/tt1663143/?ref_=fn_tt_tt_1
Big Fat Liar,http://www.imdb.com/title/tt0265298/?ref_=fn_tt_tt_1
The Diving Bell and the Butterfly,http://www.imdb.com/title/tt0401383/?ref_=fn_tt_tt_1
Little Children,http://www.imdb.com/title/tt0404203/?ref_=fn_tt_tt_1
Gossip,http://www.imdb.com/title/tt0176783/?ref_=fn_tt_tt_1
A Walk on the Moon,http://www.imdb.com/title/tt0120613/?ref_=fn_tt_tt_1
Suffragette,http://www.imdb.com/title/tt3077214/?ref_=fn_tt_tt_1
Catch a Fire,http://www.imdb.com/title/tt0437232/?ref_=fn_tt_tt_1
Mr. Turner,http://www.imdb.com/title/tt2473794/?ref_=fn_tt_tt_1
Soul Survivors,http://www.imdb.com/title/tt0218619/?ref_=fn_tt_tt_1
Easy Virtue,http://www.imdb.com/title/tt0808244/?ref_=fn_tt_tt_1
Jefferson in Paris,http://www.imdb.com/title/tt0113463/?ref_=fn_tt_tt_1
Flipped,http://www.imdb.com/title/tt0817177/?ref_=fn_tt_tt_1
Caravans,http://www.imdb.com/title/tt0077296/?ref_=fn_tt_tt_1
Wild Grass,http://www.imdb.com/title/tt1156143/?ref_=fn_tt_tt_1
Amen.,http://www.imdb.com/title/tt0280653/?ref_=fn_tt_tt_1
The Lucky Ones,http://www.imdb.com/title/tt0981072/?ref_=fn_tt_tt_1
Margaret,http://www.imdb.com/title/tt0466893/?ref_=fn_tt_tt_1
Reign of Assassins,http://www.imdb.com/title/tt1460743/?ref_=fn_tt_tt_1
Stan Helsing,http://www.imdb.com/title/tt1185266/?ref_=fn_tt_tt_1
Brokeback Mountain,http://www.imdb.com/title/tt0388795/?ref_=fn_tt_tt_1
Clueless,http://www.imdb.com/title/tt0112697/?ref_=fn_tt_tt_1
Teenage Mutant Ninja Turtles,http://www.imdb.com/title/tt1291150/?ref_=fn_tt_tt_1
The Ten Commandments,http://www.imdb.com/title/tt0049833/?ref_=fn_tt_tt_1
Far from Heaven,http://www.imdb.com/title/tt0297884/?ref_=fn_tt_tt_1
Seven Psychopaths,http://www.imdb.com/title/tt1931533/?ref_=fn_tt_tt_1
Quills,http://www.imdb.com/title/tt0180073/?ref_=fn_tt_tt_1
The Border,http://www.imdb.com/title/tt0083678/?ref_=fn_tt_tt_1
Downfall,http://www.imdb.com/title/tt0363163/?ref_=fn_tt_tt_1
The Caveman's Valentine,http://www.imdb.com/title/tt0182000/?ref_=fn_tt_tt_1
The Last Godfather,http://www.imdb.com/title/tt1584131/?ref_=fn_tt_tt_1
Under the Skin,http://www.imdb.com/title/tt1441395/?ref_=fn_tt_tt_1
The Sea Inside,http://www.imdb.com/title/tt0369702/?ref_=fn_tt_tt_1
No Good Deed,http://www.imdb.com/title/tt2011159/?ref_=fn_tt_tt_1
"Good Morning, Vietnam",http://www.imdb.com/title/tt0093105/?ref_=fn_tt_tt_1
Black Swan,http://www.imdb.com/title/tt0947798/?ref_=fn_tt_tt_1
Save the Last Dance,http://www.imdb.com/title/tt0206275/?ref_=fn_tt_tt_1
Justin Bieber: Never Say Never,http://www.imdb.com/title/tt1702443/?ref_=fn_tt_tt_1
